{"stats":{"minecraft:killed":{"minecraft:skeleton":1},"minecraft:mined":{"minecraft:deepslate_diamond_ore":15,"minecraft:cherry_log":9,"minecraft:dandelion":1,"minecraft:clay":2,"minecraft:crafting_table":3,"gravestone:gravestone":4,"minecraft:torch":2,"biomesoplenty:bush":2,"minecraft:grass_block":2,"minecraft:tall_grass":7,"minecraft:wall_torch":1,"minecraft:pink_petals":1,"minecraft:iron_ore":27,"minecraft:andesite":6,"minecraft:peony":1,"minecraft:grass":34,"minecraft:coal_ore":2,"minecraft:dirt":3,"minecraft:white_tulip":1,"minecraft:stone":31,"minecraft:gold_ore":5,"minecraft:deepslate":73,"minecraft:oak_leaves":8},"minecraft:dropped":{"minecraft:bread":21,"minecraft:white_tulip":1,"minecraft:diamond":6,"minecraft:glow_berries":2,"minecraft:chainmail_helmet":1,"minecraft:red_mushroom":1,"gravestone:obituary":6,"minecraft:slime_ball":1,"minecraft:iron_ore":5,"minecraft:dandelion":1},"minecraft:crafted":{"minecraft:cherry_planks":36,"minecraft:oak_planks":4,"minecraft:crafting_table":2,"minecraft:diamond_helmet":1,"minecraft:iron_chestplate":1,"minecraft:diamond_boots":1,"minecraft:diamond_chestplate":1},"minecraft:picked_up":{"minecraft:crafting_table":4,"minecraft:clay_ball":8,"minecraft:glow_ink_sac":2,"minecraft:cherry_planks":28,"minecraft:andesite":4,"minecraft:red_mushroom":1,"gravestone:obituary":1,"minecraft:string":1,"minecraft:dirt":5,"minecraft:iron_leggings":1,"minecraft:wheat_seeds":4,"minecraft:cobbled_deepslate":69,"minecraft:raw_gold":5,"minecraft:iron_ingot":48,"minecraft:white_tulip":1,"minecraft:iron_ore":64,"minecraft:iron_pickaxe":1,"minecraft:diamond_helmet":1,"minecraft:raw_iron":26,"minecraft:torch":4,"minecraft:dandelion":1,"minecraft:cherry_log":9,"minecraft:gold_ore":5,"minecraft:spider_eye":1,"minecraft:oak_wood":1,"minecraft:diamond":15,"minecraft:diamond_boots":1,"minecraft:golden_apple":3,"minecraft:bread":27,"minecraft:glow_berries":4,"minecraft:coal":20,"minecraft:cobblestone":39},"minecraft:killed_by":{"minecraft:player":1,"minecraft:skeleton":1,"minecraft:zombie":2},"minecraft:custom":{"minecraft:mob_kills":1,"minecraft:interact_with_crafting_table":6,"minecraft:open_barrel":26,"minecraft:time_since_death":6554,"minecraft:climb_one_cm":4946,"minecraft:time_since_rest":6586,"minecraft:sprint_one_cm":132908,"minecraft:walk_one_cm":103575,"minecraft:damage_taken":2231,"minecraft:damage_absorbed":63,"minecraft:drop":40,"minecraft:damage_dealt":878,"minecraft:swim_one_cm":10823,"minecraft:fly_one_cm":162453,"minecraft:player_kills":1,"minecraft:open_chest":3,"minecraft:crouch_one_cm":129,"minecraft:play_time":40753,"minecraft:deaths":6,"minecraft:sneak_time":279,"minecraft:walk_under_water_one_cm":11690,"minecraft:jump":1050,"minecraft:walk_on_water_one_cm":7356,"minecraft:total_world_time":40753,"minecraft:fall_one_cm":36075},"minecraft:used":{"minecraft:iron_ore":67,"minecraft:diamond_boots":1,"minecraft:cherry_planks":32,"minecraft:gold_ore":5,"minecraft:iron_chestplate":1,"minecraft:torch":1,"minecraft:golden_apple":3,"minecraft:glow_berries":4,"minecraft:dirt":4,"minecraft:crafting_table":4,"minecraft:diamond_helmet":1,"minecraft:bread":3,"minecraft:iron_pickaxe":233,"minecraft:cobblestone":4,"minecraft:andesite":4,"minecraft:iron_leggings":1}},"DataVersion":3465}