{"stats":{"minecraft:dropped":{"gravestone:obituary":5},"minecraft:mined":{"minecraft:pink_petals":1,"minecraft:iron_ore":8,"minecraft:cherry_log":9,"minecraft:crafting_table":1,"gravestone:gravestone":3,"minecraft:grass":7,"biomesoplenty:bush":2,"minecraft:grass_block":1,"minecraft:dirt":2,"minecraft:tall_grass":3,"minecraft:white_tulip":1,"minecraft:oak_leaves":8},"minecraft:crafted":{"minecraft:cherry_planks":36,"minecraft:crafting_table":1},"minecraft:picked_up":{"minecraft:raw_iron":8,"minecraft:crafting_table":1,"minecraft:cherry_planks":28,"minecraft:cherry_log":9,"gravestone:obituary":1,"minecraft:dirt":4,"minecraft:wheat_seeds":2,"minecraft:white_tulip":1},"minecraft:killed_by":{"minecraft:skeleton":1,"minecraft:zombie":2},"minecraft:custom":{"minecraft:time_since_rest":5144,"minecraft:sprint_one_cm":59852,"minecraft:damage_taken":1177,"minecraft:walk_one_cm":34999,"minecraft:drop":5,"minecraft:damage_dealt":393,"minecraft:player_kills":1,"minecraft:swim_one_cm":1044,"minecraft:interact_with_crafting_table":1,"minecraft:fly_one_cm":91708,"minecraft:open_barrel":19,"minecraft:open_chest":1,"minecraft:crouch_one_cm":69,"minecraft:play_time":16753,"minecraft:deaths":4,"minecraft:sneak_time":26,"minecraft:walk_under_water_one_cm":462,"minecraft:jump":519,"minecraft:time_since_death":5075,"minecraft:walk_on_water_one_cm":526,"minecraft:total_world_time":16753,"minecraft:climb_one_cm":654,"minecraft:fall_one_cm":24051},"minecraft:used":{"minecraft:iron_pickaxe":8,"minecraft:cherry_planks":32,"minecraft:dirt":3,"minecraft:crafting_table":2}},"DataVersion":3465}