{"stats":{"minecraft:killed_by":{"minecraft:zombie":4,"minecraft:husk":2,"minecraft:player":6,"takesapillage:archer":1,"minecraft:warden":2,"minecraft:skeleton":1},"minecraft:killed":{"minecraft:spider":3,"minecraft:skeleton":14,"minecraft:bee":1,"minecraft:piglin":1,"minecraft:pig":1,"minecraft:iron_golem":1,"minecraft:creeper":1,"minecraft:sheep":1,"minecraft:zombie":17,"takesapillage:archer":1,"minecraft:cow":3,"minecraft:horse":2,"minecraft:husk":3},"minecraft:crafted":{"minecraft:oak_planks":32,"minecraft:cherry_slab":36,"minecraft:pink_bed":1,"minecraft:chain":2,"minecraft:cherry_boat":1,"quark:cherry_chest":3,"minecraft:diamond_helmet":2,"minecraft:diamond_leggings":5,"minecraft:crafting_table":5,"minecraft:spruce_planks":64,"minecraft:iron_helmet":1,"minecraft:hay_block":109,"epicpaladins:moonlight_pickaxe":1,"minecraft:iron_chestplate":1,"minecraft:diamond_pickaxe":1,"minecraft:cherry_sign":3,"minecraft:pink_wool":15,"minecraft:shield":4,"minecraft:stick":44,"minecraft:iron_block":3,"minecraft:gold_ingot":5,"minecraft:netherite_ingot":1,"minecraft:shears":1,"minecraft:cherry_planks":742,"minecraft:iron_nugget":9,"minecraft:bone_meal":36,"minecraft:pink_dye":20,"epicpaladins:bloodstone_sword":1,"quark:cherry_bookshelf":11,"minecraft:flint_and_steel":1,"epicpaladins:arclight_shovel":1,"minecraft:spruce_slab":18,"minecraft:cherry_stairs":20,"minecraft:diamond_boots":3,"minecraft:netherite_scrap":17,"minecraft:wheat":1080,"epicpaladins:moonlight_axe":1,"epicpaladins:arclight_axe":1,"minecraft:bucket":4,"minecraft:bread":353,"minecraft:oak_boat":1,"epicpaladins:bloodstone_hoe":1,"minecraft:cherry_door":6,"minecraft:anvil":1,"minecraft:pink_banner":2,"minecraft:cherry_hanging_sign":6,"minecraft:torch":20,"minecraft:diamond_chestplate":5},"minecraft:custom":{"minecraft:animals_bred":1,"minecraft:interact_with_crafting_table":66,"minecraft:open_barrel":58,"minecraft:leave_game":4,"minecraft:time_since_death":97927,"minecraft:sprint_one_cm":1503463,"minecraft:damage_blocked_by_shield":3080,"minecraft:drop":383,"minecraft:talked_to_villager":2,"minecraft:play_time":542723,"minecraft:deaths":26,"minecraft:jump":8817,"minecraft:walk_on_water_one_cm":64592,"minecraft:interact_with_furnace":11,"minecraft:sleep_in_bed":9,"minecraft:waystone_activated":3,"minecraft:damage_dealt":15050,"minecraft:player_kills":8,"minecraft:crouch_one_cm":49357,"minecraft:mob_kills":49,"minecraft:interact_with_anvil":9,"minecraft:climb_one_cm":17129,"minecraft:walk_one_cm":1372411,"minecraft:sneak_time":14863,"minecraft:walk_under_water_one_cm":52021,"minecraft:boat_one_cm":62382,"minecraft:interact_with_lectern":1,"minecraft:interact_with_blast_furnace":4,"minecraft:total_world_time":542723,"minecraft:pot_flower":5,"minecraft:time_since_rest":18235,"minecraft:damage_taken":16184,"minecraft:damage_absorbed":143,"minecraft:swim_one_cm":105765,"minecraft:fly_one_cm":1543902,"minecraft:open_chest":160,"minecraft:fall_one_cm":250085},"minecraft:used":{"minecraft:cherry_sapling":119,"minecraft:spruce_slab":23,"minecraft:oak_sign":1,"minecraft:shield":85,"minecraft:rotten_flesh":3,"minecraft:iron_chestplate":1,"quark:cherry_chest":4,"minecraft:obsidian":7,"minecraft:stripped_spruce_log":1,"epicpaladins:arclight_sword":1,"minecraft:honey_bottle":4,"epicpaladins:moonlight_axe":31,"minecraft:cherry_leaves":6,"minecraft:written_book":2,"spelunkers_charm:geode":12,"minecraft:diamond_boots":1,"minecraft:spruce_door":2,"minecraft:ender_pearl":2,"minecraft:chainmail_helmet":1,"minecraft:golden_apple":5,"minecraft:glow_berries":4,"minecraft:yellow_terracotta":1,"epicpaladins:arclight_axe":535,"waystones:waystone":2,"minecraft:cherry_hanging_sign":1,"minecraft:bread":78,"minecraft:cherry_sign":1,"minecraft:gravel":4,"minecraft:andesite":71,"minecraft:oak_boat":1,"minecraft:air":1,"minecraft:bone_meal":36,"minecraft:golden_pickaxe":7,"epicpaladins:bloodstone_hoe":878,"minecraft:experience_bottle":2,"minecraft:cherry_boat":1,"minecraft:flint_and_steel":1,"minecraft:spruce_planks":24,"minecraft:netherrack":91,"minecraft:stick":2,"minecraft:torch":40,"minecraft:dirt":859,"minecraft:anvil":1,"minecraft:white_carpet":4,"minecraft:diamond_helmet":1,"quark:cherry_bookshelf":11,"minecraft:cherry_slab":20,"minecraft:slime_block":7,"quark:spruce_vertical_slab":6,"minecraft:bamboo":53,"minecraft:cobbled_deepslate":74,"minecraft:cherry_log":38,"minecraft:iron_leggings":2,"minecraft:wheat_seeds":401,"minecraft:water_bucket":80,"minecraft:iron_ore":67,"minecraft:glass_bottle":27,"minecraft:pink_banner":4,"minecraft:cherry_planks":82,"minecraft:gold_ore":5,"minecraft:tnt":1,"minecraft:crafting_table":9,"minecraft:white_bed":4,"minecraft:painting":4,"minecraft:flower_pot":5,"minecraft:diamond_pickaxe":1472,"minecraft:apple":27,"minecraft:cherry_door":3,"minecraft:iron_pickaxe":1544,"minecraft:pink_bed":3,"minecraft:potion":25,"minecraft:cobblestone":75,"minecraft:cherry_stairs":23,"epicpaladins:arclight_shovel":894,"minecraft:bucket":84,"epicpaladins:bloodstone_sword":319},"minecraft:broken":{"minecraft:diamond_helmet":1,"minecraft:diamond_boots":1,"minecraft:shield":1,"minecraft:iron_pickaxe":2},"minecraft:dropped":{"minecraft:porkchop":2,"biomesoplenty:pink_daffodil":1,"minecraft:glow_ink_sac":2,"minecraft:diamond":10,"minecraft:glow_berries":2,"epicpaladins:arclight_axe":1,"minecraft:lantern":6,"minecraft:leather":1,"minecraft:red_mushroom":1,"paraglider:spirit_orb":12,"minecraft:dirt":43,"epicpaladins:bloodstone_hoe":4,"minecraft:cherry_leaves":3,"gravestone:obituary":33,"minecraft:iron_pickaxe":1,"minecraft:cherry_door":4,"minecraft:gold_ingot":5,"minecraft:bone":12,"minecraft:gravel":14,"epicpaladins:arclight_sword":1,"minecraft:white_tulip":1,"minecraft:cherry_stairs":8,"minecraft:iron_nugget":5,"minecraft:cobbled_deepslate":47,"minecraft:pink_dye":4,"minecraft:wheat":7,"minecraft:cherry_sapling":34,"minecraft:rotten_flesh":44,"minecraft:glowstone_dust":6,"minecraft:honey_bottle":2,"minecraft:poppy":1,"minecraft:spruce_slab":12,"minecraft:iron_ore":5,"minecraft:arrow":3,"minecraft:beef":3,"epicpaladins:bloodstone_sword":3,"minecraft:netherrack":273,"minecraft:enchanted_book":4,"minecraft:water_bucket":3,"minecraft:iron_ingot":24,"minecraft:bread":100,"minecraft:stripped_spruce_log":4,"minecraft:wheat_seeds":559,"minecraft:lilac":1,"minecraft:mossy_cobblestone":1,"minecraft:smithing_table":2,"minecraft:diamond_leggings":2,"minecraft:book":33,"minecraft:iron_helmet":1,"minecraft:cobblestone":2,"minecraft:lead":1,"minecraft:apple":2,"minecraft:spruce_door":4,"minecraft:chainmail_helmet":2,"spelunkers_charm:deepslate_rock":6,"minecraft:coal":6,"epicpaladins:arclight_shovel":1,"minecraft:cherry_sign":9,"minecraft:iron_block":3,"minecraft:torch":20,"minecraft:cherry_planks":19,"minecraft:iron_leggings":1,"minecraft:mossy_cobblestone_stairs":1,"minecraft:string":4,"minecraft:pink_petals":13,"minecraft:dandelion":5,"minecraft:pink_tulip":1,"minecraft:furnace":1,"minecraft:raw_copper":5,"minecraft:slime_block":50,"minecraft:cherry_slab":1,"minecraft:name_tag":4,"minecraft:oak_sign":1,"minecraft:lily_of_the_valley":2,"minecraft:shield":2,"minecraft:diamond_chestplate":1,"minecraft:peony":2,"minecraft:spruce_planks":46,"minecraft:diamond_pickaxe":3,"minecraft:andesite":161,"minecraft:pink_wool":3,"minecraft:bamboo":28,"minecraft:spruce_log":48,"minecraft:slime_ball":1,"spelunkers_charm:geode":1,"minecraft:bow":4},"minecraft:mined":{"minecraft:potted_pink_tulip":1,"minecraft:spruce_planks":22,"minecraft:white_bed":1,"connectedglass:borderless_glass":3,"quark:cherry_chest":2,"minecraft:pink_bed":1,"minecraft:cherry_log":221,"minecraft:sculk_vein":27,"minecraft:obsidian":8,"biomesoplenty:burning_blossom":1,"minecraft:grass_block":570,"minecraft:spawner":3,"epicpaladins:moonlight_ore":7,"minecraft:magma_block":2,"minecraft:sculk_catalyst":1,"minecraft:mossy_cobblestone_stairs":1,"minecraft:iron_ore":27,"minecraft:cobbled_deepslate":2,"minecraft:fire":3,"minecraft:deepslate_lapis_ore":2,"minecraft:nether_brick_stairs":1,"minecraft:sculk_shrieker":17,"supplementaries:stick":3,"minecraft:oak_sign":2,"minecraft:dirt_path":21,"minecraft:pink_tulip":1,"minecraft:iron_block":1,"minecraft:spruce_slab":15,"minecraft:deepslate_redstone_ore":1,"minecraft:blackstone":27,"minecraft:soul_fire":1,"minecraft:clay":2,"minecraft:torch":11,"minecraft:calcite":2,"minecraft:cobblestone":11,"minecraft:slime_block":40,"minecraft:wall_torch":5,"minecraft:cherry_slab":4,"minecraft:pink_petals":5,"quark:cherry_bookshelf":31,"minecraft:wheat":1007,"minecraft:lilac":1,"quark:spruce_vertical_slab":6,"minecraft:grass":272,"minecraft:oak_log":7,"spelunkers_charm:geode_stone":1,"minecraft:dirt":119,"biomesoplenty:potted_pink_daffodil":1,"minecraft:pink_banner":2,"minecraft:ancient_debris":17,"minecraft:netherrack":1452,"minecraft:oak_leaves":8,"minecraft:deepslate":409,"minecraft:nether_gold_ore":4,"minecraft:yellow_terracotta":3,"minecraft:tuff":1,"minecraft:light_gray_stained_glass_pane":1,"connectedglass:borderless_glass_pane":2,"minecraft:mossy_cobblestone":1,"minecraft:dark_oak_leaves":7,"minecraft:deepslate_diamond_ore":80,"minecraft:cherry_sapling":57,"minecraft:stripped_cherry_log":17,"gravestone:gravestone":22,"biomesoplenty:bush":2,"minecraft:spruce_leaves":5,"epicpaladins:deepslate_arclight_ore":20,"minecraft:cherry_wall_sign":1,"minecraft:hay_block":11,"minecraft:andesite":171,"minecraft:stripped_spruce_log":4,"minecraft:peony":14,"minecraft:bookshelf":10,"minecraft:rail":1,"minecraft:bamboo":8,"minecraft:stone":233,"minecraft:white_tulip":1,"minecraft:cherry_stairs":6,"minecraft:podzol":5,"minecraft:smithing_table":1,"minecraft:cherry_planks":34,"epicpaladins:deepslate_bloodstone_ore":2,"minecraft:potted_lily_of_the_valley":3,"minecraft:spruce_door":3,"minecraft:dandelion":3,"minecraft:crafting_table":4,"minecraft:sculk_sensor":31,"minecraft:copper_ore":1,"minecraft:tall_grass":72,"minecraft:sculk":374,"supplementaries:urn":8,"minecraft:gray_wool":1,"biomesoplenty:pink_daffodil":1,"minecraft:white_carpet":1,"minecraft:bee_nest":1,"minecraft:white_wall_banner":1,"minecraft:coal_ore":7,"minecraft:gravel":33,"minecraft:cherry_leaves":67,"minecraft:stone_bricks":4,"minecraft:gold_ore":15},"minecraft:picked_up":{"biomesoplenty:burning_blossom":1,"minecraft:wheat":992,"minecraft:flower_pot":5,"minecraft:smithing_table":2,"minecraft:potion":2,"minecraft:enchanted_book":7,"minecraft:string":4,"minecraft:raw_copper":21,"minecraft:iron_leggings":4,"epicpaladins:bloodstone_gem":5,"epicpaladins:bloodstone_hoe":3,"minecraft:oak_sign":2,"minecraft:cherry_boat":1,"minecraft:cobbled_deepslate":156,"minecraft:spruce_planks":21,"minecraft:white_tulip":1,"minecraft:written_book":1,"minecraft:calcite":2,"minecraft:iron_pickaxe":4,"minecraft:furnace":2,"minecraft:stick":35,"epicpaladins:arclight_gem":20,"minecraft:torch":54,"quark:cherry_chest":1,"minecraft:porkchop":2,"minecraft:cherry_log":220,"epicpaladins:moonlight_gem":7,"quark:spruce_vertical_slab":6,"minecraft:rotten_flesh":47,"minecraft:iron_block":3,"supplementaries:ash":4,"minecraft:obsidian":7,"minecraft:cobblestone":175,"minecraft:pink_petals":16,"minecraft:lilac":1,"minecraft:cherry_planks":130,"minecraft:water_bucket":3,"minecraft:cherry_leaves":9,"minecraft:andesite":232,"paraglider:spirit_orb":12,"minecraft:flint":1,"supplementaries:flax_seeds":2,"minecraft:cherry_door":2,"minecraft:lantern":6,"minecraft:lapis_lazuli":12,"minecraft:dirt":712,"minecraft:name_tag":2,"minecraft:bone":19,"minecraft:bow":3,"minecraft:wheat_seeds":2752,"minecraft:pink_banner":2,"minecraft:raw_gold":15,"minecraft:glowstone_dust":3,"minecraft:diamond_helmet":1,"minecraft:bamboo":81,"minecraft:powered_rail":1,"minecraft:stripped_spruce_log":6,"epicpaladins:arclight_sword":1,"minecraft:nether_brick_stairs":1,"minecraft:lily_of_the_valley":3,"minecraft:mossy_cobblestone":1,"minecraft:diamond":80,"minecraft:slime_block":57,"waystones:waystone":2,"minecraft:golden_apple":5,"minecraft:bread":121,"minecraft:emerald":11,"biomesoplenty:pink_daffodil":3,"minecraft:cherry_slab":5,"minecraft:netherrack":686,"minecraft:diamond_pickaxe":4,"minecraft:crafting_table":5,"minecraft:azure_bluet":1,"minecraft:clay_ball":8,"minecraft:golden_pickaxe":1,"spelunkers_charm:deepslate_rock":9,"minecraft:stripped_cherry_log":17,"gravestone:obituary":10,"minecraft:shield":1,"minecraft:white_carpet":4,"minecraft:blackstone":2,"minecraft:beef":3,"minecraft:poppy":1,"minecraft:spruce_slab":17,"minecraft:piston":1,"minecraft:raw_iron":31,"minecraft:cherry_stairs":11,"minecraft:stone_button":2,"minecraft:redstone":4,"minecraft:arrow":8,"minecraft:peony":13,"minecraft:diamond_boots":1,"minecraft:hay_block":11,"minecraft:yellow_terracotta":1,"minecraft:pink_tulip":2,"minecraft:glow_berries":4,"minecraft:mutton":2,"minecraft:white_wool":16,"minecraft:glow_ink_sac":2,"minecraft:leather":1,"minecraft:red_mushroom":1,"epicpaladins:arclight_axe":1,"minecraft:oak_log":7,"minecraft:ancient_debris":17,"epicpaladins:bloodstone_sword":3,"minecraft:white_banner":1,"minecraft:apple":12,"minecraft:iron_ingot":49,"minecraft:iron_ore":64,"minecraft:cherry_sign":7,"spelunkers_charm:geode":1,"minecraft:book":123,"minecraft:pink_bed":2,"minecraft:dandelion":5,"minecraft:gravel":18,"minecraft:white_bed":5,"minecraft:gold_ore":5,"minecraft:spruce_door":6,"minecraft:spider_eye":1,"minecraft:oak_wood":1,"minecraft:painting":4,"minecraft:cherry_sapling":156,"minecraft:mossy_cobblestone_stairs":1,"minecraft:gray_wool":1,"epicpaladins:arclight_shovel":1,"minecraft:coal":28}},"DataVersion":3465}