{"stats":{"minecraft:dropped":{"minecraft:water_bucket":3,"minecraft:enchanted_book":2,"minecraft:stripped_spruce_log":4,"minecraft:iron_ingot":24,"minecraft:bread":87,"minecraft:wheat_seeds":364,"minecraft:mossy_cobblestone":1,"minecraft:glow_ink_sac":2,"minecraft:smithing_table":2,"minecraft:diamond":10,"minecraft:diamond_leggings":1,"minecraft:cobblestone":2,"epicpaladins:arclight_axe":1,"minecraft:iron_helmet":1,"minecraft:lead":1,"minecraft:glow_berries":2,"minecraft:leather":1,"minecraft:apple":2,"minecraft:spruce_door":4,"minecraft:chainmail_helmet":1,"minecraft:coal":6,"minecraft:red_mushroom":1,"paraglider:spirit_orb":12,"minecraft:iron_block":3,"minecraft:dirt":43,"epicpaladins:bloodstone_hoe":3,"minecraft:cherry_leaves":3,"minecraft:cherry_planks":2,"gravestone:obituary":25,"minecraft:iron_pickaxe":1,"minecraft:mossy_cobblestone_stairs":1,"minecraft:string":4,"minecraft:pink_petals":13,"minecraft:gold_ingot":5,"minecraft:dandelion":5,"minecraft:bone":12,"epicpaladins:arclight_sword":1,"minecraft:white_tulip":1,"minecraft:furnace":1,"minecraft:cherry_stairs":8,"minecraft:wheat":1,"minecraft:cherry_sapling":34,"minecraft:rotten_flesh":44,"minecraft:cherry_slab":1,"minecraft:name_tag":4,"minecraft:honey_bottle":2,"minecraft:oak_sign":1,"minecraft:poppy":1,"minecraft:shield":2,"minecraft:peony":2,"minecraft:spruce_planks":7,"minecraft:andesite":1,"minecraft:diamond_pickaxe":1,"minecraft:slime_ball":1,"minecraft:iron_ore":5,"minecraft:bow":4,"minecraft:beef":3,"epicpaladins:bloodstone_sword":3},"minecraft:picked_up":{"minecraft:crafting_table":4,"minecraft:wheat":986,"minecraft:azure_bluet":1,"minecraft:clay_ball":8,"minecraft:golden_pickaxe":1,"minecraft:smithing_table":2,"minecraft:potion":1,"minecraft:enchanted_book":5,"minecraft:stripped_cherry_log":11,"gravestone:obituary":6,"minecraft:shield":1,"minecraft:string":4,"minecraft:raw_copper":16,"minecraft:iron_leggings":3,"epicpaladins:bloodstone_gem":5,"epicpaladins:bloodstone_hoe":3,"minecraft:blackstone":2,"minecraft:oak_sign":2,"minecraft:cobbled_deepslate":85,"minecraft:spruce_planks":11,"minecraft:beef":3,"minecraft:white_tulip":1,"minecraft:calcite":2,"minecraft:poppy":1,"minecraft:iron_pickaxe":4,"minecraft:piston":1,"minecraft:furnace":2,"minecraft:stick":33,"minecraft:raw_iron":31,"minecraft:cherry_stairs":5,"epicpaladins:arclight_gem":10,"minecraft:torch":23,"quark:cherry_chest":1,"minecraft:cherry_log":210,"minecraft:stone_button":2,"minecraft:redstone":4,"minecraft:arrow":5,"minecraft:rotten_flesh":47,"minecraft:peony":2,"minecraft:diamond_boots":1,"minecraft:iron_block":3,"supplementaries:ash":4,"minecraft:glow_berries":4,"minecraft:mutton":2,"minecraft:white_wool":1,"minecraft:cobblestone":43,"minecraft:pink_petals":13,"minecraft:cherry_planks":107,"minecraft:cherry_leaves":9,"minecraft:glow_ink_sac":2,"minecraft:water_bucket":1,"minecraft:andesite":5,"minecraft:leather":1,"minecraft:red_mushroom":1,"epicpaladins:arclight_axe":1,"paraglider:spirit_orb":12,"minecraft:oak_log":7,"supplementaries:flax_seeds":2,"epicpaladins:bloodstone_sword":3,"minecraft:lapis_lazuli":12,"minecraft:dirt":712,"minecraft:white_banner":1,"minecraft:name_tag":2,"minecraft:bone":19,"minecraft:apple":12,"minecraft:bow":3,"minecraft:wheat_seeds":2557,"minecraft:raw_gold":5,"minecraft:iron_ingot":49,"minecraft:iron_ore":64,"minecraft:diamond_helmet":1,"minecraft:powered_rail":1,"minecraft:pink_bed":2,"minecraft:dandelion":5,"minecraft:stripped_spruce_log":5,"epicpaladins:arclight_sword":1,"minecraft:nether_brick_stairs":1,"minecraft:white_bed":5,"minecraft:gold_ore":5,"minecraft:spruce_door":6,"minecraft:spider_eye":1,"minecraft:mossy_cobblestone":1,"minecraft:oak_wood":1,"minecraft:diamond":23,"waystones:waystone":2,"minecraft:painting":4,"minecraft:cherry_sapling":154,"minecraft:mossy_cobblestone_stairs":1,"minecraft:golden_apple":5,"minecraft:gray_wool":1,"minecraft:emerald":10,"minecraft:bread":121,"minecraft:cherry_slab":2,"minecraft:coal":23,"minecraft:diamond_pickaxe":1},"minecraft:broken":{"minecraft:diamond_helmet":1,"minecraft:diamond_boots":1,"minecraft:shield":1,"minecraft:iron_pickaxe":1},"minecraft:mined":{"minecraft:tuff":1,"minecraft:mossy_cobblestone":1,"minecraft:white_bed":1,"minecraft:spruce_planks":11,"connectedglass:borderless_glass_pane":2,"connectedglass:borderless_glass":3,"minecraft:pink_bed":1,"quark:cherry_chest":2,"minecraft:dark_oak_leaves":7,"minecraft:deepslate_diamond_ore":23,"minecraft:sculk_vein":27,"minecraft:cherry_log":211,"minecraft:cherry_sapling":57,"minecraft:stripped_cherry_log":11,"gravestone:gravestone":18,"biomesoplenty:bush":2,"minecraft:grass_block":567,"minecraft:spawner":3,"epicpaladins:deepslate_arclight_ore":10,"minecraft:sculk_catalyst":1,"minecraft:mossy_cobblestone_stairs":1,"minecraft:iron_ore":27,"minecraft:cobbled_deepslate":2,"minecraft:fire":2,"minecraft:andesite":7,"minecraft:stripped_spruce_log":3,"minecraft:deepslate_lapis_ore":2,"minecraft:peony":3,"minecraft:nether_brick_stairs":1,"minecraft:sculk_shrieker":17,"supplementaries:stick":3,"minecraft:oak_sign":2,"minecraft:dirt_path":21,"minecraft:rail":1,"minecraft:white_tulip":1,"minecraft:stone":40,"minecraft:iron_block":1,"minecraft:smithing_table":1,"minecraft:deepslate_redstone_ore":1,"minecraft:cherry_planks":28,"minecraft:blackstone":2,"epicpaladins:deepslate_bloodstone_ore":2,"minecraft:soul_fire":1,"minecraft:dandelion":3,"minecraft:spruce_door":3,"minecraft:clay":2,"minecraft:crafting_table":3,"minecraft:torch":9,"minecraft:calcite":2,"minecraft:sculk_sensor":31,"minecraft:tall_grass":71,"minecraft:cobblestone":2,"minecraft:sculk":374,"minecraft:wall_torch":2,"minecraft:cherry_slab":2,"minecraft:pink_petals":4,"supplementaries:urn":8,"minecraft:gray_wool":1,"minecraft:wheat":1007,"minecraft:bee_nest":1,"minecraft:white_wall_banner":1,"minecraft:grass":264,"minecraft:oak_log":7,"minecraft:coal_ore":2,"minecraft:cherry_leaves":38,"minecraft:dirt":99,"minecraft:stone_bricks":4,"minecraft:gold_ore":5,"minecraft:oak_leaves":8,"minecraft:deepslate":88},"minecraft:used":{"minecraft:cherry_sapling":119,"minecraft:oak_sign":1,"minecraft:spruce_planks":4,"minecraft:shield":85,"minecraft:rotten_flesh":3,"minecraft:iron_chestplate":1,"minecraft:stick":2,"minecraft:torch":23,"quark:cherry_chest":3,"minecraft:dirt":859,"minecraft:anvil":1,"minecraft:diamond_helmet":1,"epicpaladins:arclight_sword":1,"minecraft:honey_bottle":4,"minecraft:cherry_slab":13,"minecraft:cherry_leaves":6,"minecraft:cobbled_deepslate":72,"minecraft:cherry_log":38,"minecraft:iron_leggings":1,"minecraft:wheat_seeds":161,"minecraft:water_bucket":62,"minecraft:iron_ore":67,"minecraft:diamond_boots":1,"minecraft:spruce_door":2,"minecraft:glass_bottle":27,"minecraft:ender_pearl":2,"minecraft:cherry_planks":72,"minecraft:gold_ore":5,"minecraft:golden_apple":5,"minecraft:glow_berries":4,"minecraft:tnt":1,"minecraft:crafting_table":6,"minecraft:white_bed":4,"minecraft:painting":4,"epicpaladins:arclight_axe":395,"waystones:waystone":2,"minecraft:diamond_pickaxe":189,"minecraft:apple":27,"minecraft:cherry_door":2,"minecraft:bread":39,"minecraft:iron_pickaxe":493,"minecraft:pink_bed":1,"minecraft:potion":25,"minecraft:cherry_stairs":9,"minecraft:cobblestone":7,"epicpaladins:arclight_shovel":837,"minecraft:andesite":4,"epicpaladins:bloodstone_sword":305,"minecraft:bucket":64,"minecraft:oak_boat":1,"minecraft:air":1,"epicpaladins:bloodstone_hoe":868,"minecraft:golden_pickaxe":7,"minecraft:bone_meal":36,"minecraft:experience_bottle":2},"minecraft:crafted":{"minecraft:cherry_planks":692,"minecraft:oak_planks":32,"minecraft:cherry_slab":12,"minecraft:bone_meal":36,"quark:cherry_chest":2,"epicpaladins:bloodstone_sword":1,"epicpaladins:arclight_shovel":1,"minecraft:diamond_helmet":1,"minecraft:diamond_leggings":2,"minecraft:cherry_stairs":12,"minecraft:diamond_boots":1,"minecraft:crafting_table":3,"minecraft:iron_helmet":1,"epicpaladins:arclight_axe":1,"minecraft:bucket":4,"minecraft:hay_block":109,"minecraft:oak_boat":1,"minecraft:iron_chestplate":1,"minecraft:diamond_pickaxe":1,"minecraft:shield":4,"minecraft:stick":28,"epicpaladins:bloodstone_hoe":1,"minecraft:iron_block":3,"minecraft:cherry_door":3,"minecraft:anvil":1,"minecraft:diamond_chestplate":2},"minecraft:custom":{"minecraft:interact_with_anvil":5,"minecraft:mob_kills":37,"minecraft:interact_with_crafting_table":41,"minecraft:open_barrel":48,"minecraft:leave_game":4,"minecraft:time_since_death":13082,"minecraft:climb_one_cm":17129,"minecraft:sprint_one_cm":1073578,"minecraft:walk_one_cm":962941,"minecraft:damage_blocked_by_shield":3080,"minecraft:drop":224,"minecraft:talked_to_villager":2,"minecraft:play_time":351712,"minecraft:sneak_time":11094,"minecraft:deaths":21,"minecraft:walk_under_water_one_cm":34544,"minecraft:boat_one_cm":10992,"minecraft:jump":6113,"minecraft:walk_on_water_one_cm":52195,"minecraft:total_world_time":351712,"minecraft:interact_with_furnace":2,"minecraft:sleep_in_bed":7,"minecraft:time_since_rest":13113,"minecraft:waystone_activated":3,"minecraft:damage_taken":13156,"minecraft:damage_absorbed":143,"minecraft:damage_dealt":12929,"minecraft:swim_one_cm":66613,"minecraft:fly_one_cm":1145331,"minecraft:player_kills":7,"minecraft:open_chest":113,"minecraft:crouch_one_cm":45580,"minecraft:fall_one_cm":174448},"minecraft:killed_by":{"minecraft:husk":2,"minecraft:player":6,"takesapillage:archer":1,"minecraft:warden":2,"minecraft:skeleton":1,"minecraft:zombie":3},"minecraft:killed":{"minecraft:spider":1,"minecraft:skeleton":12,"minecraft:horse":2,"minecraft:bee":1,"minecraft:husk":3,"minecraft:iron_golem":1,"minecraft:creeper":1,"minecraft:sheep":1,"minecraft:zombie":12,"minecraft:cow":3}},"DataVersion":3465}