{"stats":{"minecraft:mined":{"minecraft:cherry_log":9,"minecraft:dandelion":1,"minecraft:crafting_table":3,"gravestone:gravestone":3,"minecraft:torch":2,"biomesoplenty:bush":2,"minecraft:grass_block":2,"minecraft:tall_grass":7,"minecraft:wall_torch":1,"minecraft:pink_petals":1,"minecraft:iron_ore":27,"minecraft:peony":1,"minecraft:grass":34,"minecraft:coal_ore":2,"minecraft:dirt":3,"minecraft:white_tulip":1,"minecraft:stone":2,"minecraft:gold_ore":5,"minecraft:oak_leaves":8},"minecraft:dropped":{"minecraft:white_tulip":1,"minecraft:diamond":6,"minecraft:chainmail_helmet":1,"minecraft:red_mushroom":1,"gravestone:obituary":6,"minecraft:slime_ball":1,"minecraft:iron_ore":5,"minecraft:dandelion":1},"minecraft:crafted":{"minecraft:cherry_planks":36,"minecraft:oak_planks":4,"minecraft:crafting_table":2,"minecraft:diamond_helmet":1,"minecraft:iron_chestplate":1,"minecraft:diamond_boots":1,"minecraft:diamond_chestplate":1},"minecraft:picked_up":{"minecraft:crafting_table":4,"minecraft:cherry_planks":28,"minecraft:red_mushroom":1,"gravestone:obituary":1,"minecraft:dirt":5,"minecraft:iron_leggings":1,"minecraft:wheat_seeds":4,"minecraft:raw_gold":5,"minecraft:iron_ingot":48,"minecraft:white_tulip":1,"minecraft:iron_ore":64,"minecraft:iron_pickaxe":1,"minecraft:diamond_helmet":1,"minecraft:raw_iron":26,"minecraft:torch":3,"minecraft:dandelion":1,"minecraft:cherry_log":9,"minecraft:gold_ore":5,"minecraft:oak_wood":1,"minecraft:diamond_boots":1,"minecraft:golden_apple":3,"minecraft:bread":5,"minecraft:coal":2,"minecraft:cobblestone":3},"minecraft:custom":{"minecraft:interact_with_crafting_table":6,"minecraft:open_barrel":26,"minecraft:time_since_death":7240,"minecraft:climb_one_cm":4946,"minecraft:time_since_rest":7266,"minecraft:sprint_one_cm":84027,"minecraft:walk_one_cm":66133,"minecraft:damage_taken":1654,"minecraft:damage_absorbed":38,"minecraft:drop":17,"minecraft:damage_dealt":608,"minecraft:swim_one_cm":10782,"minecraft:fly_one_cm":125861,"minecraft:player_kills":1,"minecraft:open_chest":3,"minecraft:crouch_one_cm":119,"minecraft:play_time":28753,"minecraft:deaths":5,"minecraft:sneak_time":131,"minecraft:walk_under_water_one_cm":5609,"minecraft:jump":811,"minecraft:walk_on_water_one_cm":4470,"minecraft:total_world_time":28753,"minecraft:fall_one_cm":29595},"minecraft:killed_by":{"minecraft:player":1,"minecraft:skeleton":1,"minecraft:zombie":2},"minecraft:used":{"minecraft:iron_ore":67,"minecraft:diamond_boots":1,"minecraft:cherry_planks":32,"minecraft:gold_ore":5,"minecraft:iron_chestplate":1,"minecraft:golden_apple":2,"minecraft:dirt":4,"minecraft:crafting_table":4,"minecraft:diamond_helmet":1,"minecraft:iron_pickaxe":95,"minecraft:cobblestone":1,"minecraft:iron_leggings":1}},"DataVersion":3465}