{"stats":{"minecraft:mined":{"minecraft:pink_petals":1,"minecraft:cherry_log":7},"minecraft:crafted":{"minecraft:cherry_planks":28},"minecraft:picked_up":{"minecraft:cherry_log":7,"minecraft:cherry_planks":28,"minecraft:wheat_seeds":1,"minecraft:dirt":1},"minecraft:killed_by":{"minecraft:zombie":1},"minecraft:custom":{"minecraft:jump":132,"minecraft:time_since_rest":1303,"minecraft:crouch_one_cm":69,"minecraft:damage_dealt":200,"minecraft:sprint_one_cm":7601,"minecraft:play_time":4753,"minecraft:damage_taken":410,"minecraft:time_since_death":1277,"minecraft:walk_one_cm":10263,"minecraft:sneak_time":21,"minecraft:total_world_time":4753,"minecraft:fall_one_cm":4028,"minecraft:fly_one_cm":14194,"minecraft:deaths":1},"minecraft:used":{"minecraft:cherry_planks":12}},"DataVersion":3465}