{"stats":{"minecraft:dropped":{"minecraft:iron_ingot":1,"minecraft:bread":87,"minecraft:wheat_seeds":15,"minecraft:glow_ink_sac":2,"minecraft:diamond":10,"minecraft:diamond_leggings":1,"minecraft:iron_helmet":1,"minecraft:lead":1,"minecraft:glow_berries":2,"minecraft:apple":2,"minecraft:spruce_door":1,"minecraft:chainmail_helmet":1,"minecraft:coal":6,"minecraft:red_mushroom":1,"paraglider:spirit_orb":6,"minecraft:dirt":10,"epicpaladins:bloodstone_hoe":3,"minecraft:cherry_planks":2,"gravestone:obituary":17,"minecraft:string":3,"minecraft:pink_petals":12,"minecraft:dandelion":5,"minecraft:bone":12,"epicpaladins:arclight_sword":1,"minecraft:white_tulip":1,"minecraft:wheat":1,"minecraft:cherry_sapling":21,"minecraft:rotten_flesh":14,"minecraft:name_tag":4,"minecraft:poppy":1,"minecraft:shield":2,"minecraft:peony":2,"minecraft:diamond_pickaxe":1,"minecraft:slime_ball":1,"minecraft:iron_ore":5,"minecraft:beef":3,"epicpaladins:bloodstone_sword":3},"minecraft:picked_up":{"minecraft:crafting_table":4,"minecraft:wheat":2,"minecraft:azure_bluet":1,"minecraft:clay_ball":8,"minecraft:golden_pickaxe":1,"minecraft:smithing_table":1,"minecraft:potion":1,"minecraft:enchanted_book":4,"minecraft:stripped_cherry_log":11,"gravestone:obituary":3,"minecraft:shield":1,"minecraft:string":3,"minecraft:raw_copper":16,"minecraft:iron_leggings":3,"epicpaladins:bloodstone_gem":5,"epicpaladins:bloodstone_hoe":3,"minecraft:blackstone":2,"minecraft:oak_sign":1,"minecraft:cobbled_deepslate":85,"minecraft:beef":3,"minecraft:white_tulip":1,"minecraft:calcite":2,"minecraft:poppy":1,"minecraft:iron_pickaxe":4,"minecraft:piston":1,"minecraft:stick":31,"minecraft:raw_iron":31,"minecraft:cherry_stairs":1,"epicpaladins:arclight_gem":10,"minecraft:torch":23,"quark:cherry_chest":1,"minecraft:cherry_log":196,"minecraft:stone_button":2,"minecraft:redstone":4,"minecraft:arrow":4,"minecraft:rotten_flesh":45,"minecraft:peony":2,"minecraft:diamond_boots":1,"minecraft:iron_block":1,"supplementaries:ash":4,"minecraft:glow_berries":4,"minecraft:mutton":2,"minecraft:white_wool":1,"minecraft:cobblestone":43,"minecraft:pink_petals":12,"minecraft:cherry_planks":80,"minecraft:cherry_leaves":9,"minecraft:glow_ink_sac":2,"minecraft:water_bucket":1,"minecraft:andesite":4,"minecraft:red_mushroom":1,"paraglider:spirit_orb":12,"minecraft:oak_log":7,"supplementaries:flax_seeds":2,"epicpaladins:bloodstone_sword":3,"minecraft:lapis_lazuli":12,"minecraft:dirt":679,"minecraft:white_banner":1,"minecraft:name_tag":2,"minecraft:bone":19,"minecraft:apple":12,"minecraft:wheat_seeds":113,"minecraft:bow":1,"minecraft:raw_gold":5,"minecraft:iron_ingot":49,"minecraft:iron_ore":64,"minecraft:diamond_helmet":1,"minecraft:powered_rail":1,"minecraft:dandelion":5,"minecraft:stripped_spruce_log":2,"epicpaladins:arclight_sword":1,"minecraft:nether_brick_stairs":1,"minecraft:white_bed":3,"minecraft:gold_ore":5,"minecraft:spruce_door":4,"minecraft:spider_eye":1,"minecraft:oak_wood":1,"minecraft:diamond":23,"minecraft:painting":4,"minecraft:cherry_sapling":154,"minecraft:golden_apple":5,"minecraft:gray_wool":1,"minecraft:emerald":9,"minecraft:bread":117,"minecraft:coal":23,"minecraft:diamond_pickaxe":1},"minecraft:broken":{"minecraft:diamond_helmet":1,"minecraft:diamond_boots":1,"minecraft:shield":1,"minecraft:iron_pickaxe":1},"minecraft:mined":{"minecraft:tuff":1,"connectedglass:borderless_glass_pane":2,"connectedglass:borderless_glass":3,"quark:cherry_chest":2,"minecraft:dark_oak_leaves":7,"minecraft:deepslate_diamond_ore":23,"minecraft:sculk_vein":27,"minecraft:cherry_log":197,"minecraft:cherry_sapling":57,"minecraft:stripped_cherry_log":11,"gravestone:gravestone":14,"biomesoplenty:bush":2,"minecraft:grass_block":535,"minecraft:spawner":3,"epicpaladins:deepslate_arclight_ore":10,"minecraft:sculk_catalyst":1,"minecraft:iron_ore":27,"minecraft:cobbled_deepslate":2,"minecraft:fire":2,"minecraft:andesite":6,"minecraft:deepslate_lapis_ore":2,"minecraft:peony":2,"minecraft:nether_brick_stairs":1,"minecraft:sculk_shrieker":17,"minecraft:oak_sign":1,"minecraft:dirt_path":20,"minecraft:rail":1,"minecraft:white_tulip":1,"minecraft:stone":40,"minecraft:iron_block":1,"minecraft:smithing_table":1,"minecraft:deepslate_redstone_ore":1,"minecraft:cherry_planks":1,"minecraft:blackstone":2,"epicpaladins:deepslate_bloodstone_ore":2,"minecraft:soul_fire":1,"minecraft:dandelion":2,"minecraft:spruce_door":2,"minecraft:clay":2,"minecraft:crafting_table":3,"minecraft:torch":9,"minecraft:calcite":2,"minecraft:sculk_sensor":31,"minecraft:tall_grass":65,"minecraft:cobblestone":2,"minecraft:sculk":374,"minecraft:wall_torch":2,"minecraft:pink_petals":4,"supplementaries:urn":8,"minecraft:gray_wool":1,"minecraft:white_wall_banner":1,"minecraft:grass":233,"minecraft:oak_log":7,"minecraft:coal_ore":2,"minecraft:cherry_leaves":30,"minecraft:dirt":97,"minecraft:stone_bricks":4,"minecraft:gold_ore":5,"minecraft:oak_leaves":8,"minecraft:deepslate":88},"minecraft:used":{"minecraft:cherry_sapling":119,"minecraft:shield":67,"minecraft:rotten_flesh":3,"minecraft:iron_chestplate":1,"minecraft:torch":23,"quark:cherry_chest":3,"minecraft:dirt":859,"minecraft:anvil":1,"minecraft:diamond_helmet":1,"epicpaladins:arclight_sword":1,"minecraft:honey_bottle":4,"minecraft:cobbled_deepslate":72,"minecraft:cherry_log":3,"minecraft:iron_leggings":1,"minecraft:water_bucket":50,"minecraft:iron_ore":67,"minecraft:diamond_boots":1,"minecraft:spruce_door":2,"minecraft:glass_bottle":27,"minecraft:ender_pearl":2,"minecraft:cherry_planks":34,"minecraft:gold_ore":5,"minecraft:golden_apple":5,"minecraft:glow_berries":4,"minecraft:crafting_table":6,"minecraft:white_bed":3,"minecraft:painting":4,"epicpaladins:arclight_axe":270,"minecraft:diamond_pickaxe":59,"minecraft:apple":11,"minecraft:cherry_door":2,"minecraft:bread":27,"minecraft:iron_pickaxe":251,"minecraft:cobblestone":7,"minecraft:potion":25,"minecraft:cherry_stairs":1,"epicpaladins:arclight_shovel":803,"epicpaladins:bloodstone_sword":270,"minecraft:andesite":4,"minecraft:bucket":49,"minecraft:oak_boat":1,"minecraft:air":1,"epicpaladins:bloodstone_hoe":867,"minecraft:golden_pickaxe":7,"minecraft:bone_meal":36,"minecraft:experience_bottle":2},"minecraft:crafted":{"minecraft:cherry_planks":684,"minecraft:oak_planks":32,"minecraft:bone_meal":36,"quark:cherry_chest":2,"epicpaladins:bloodstone_sword":1,"epicpaladins:arclight_shovel":1,"minecraft:diamond_helmet":1,"minecraft:diamond_leggings":2,"minecraft:diamond_boots":1,"minecraft:crafting_table":3,"minecraft:iron_helmet":1,"epicpaladins:arclight_axe":1,"minecraft:bucket":1,"minecraft:oak_boat":1,"minecraft:iron_chestplate":1,"minecraft:diamond_pickaxe":1,"minecraft:shield":4,"minecraft:stick":28,"epicpaladins:bloodstone_hoe":1,"minecraft:iron_block":3,"minecraft:cherry_door":3,"minecraft:anvil":1,"minecraft:diamond_chestplate":2},"minecraft:custom":{"minecraft:interact_with_anvil":5,"minecraft:mob_kills":28,"minecraft:interact_with_crafting_table":32,"minecraft:open_barrel":48,"minecraft:leave_game":3,"minecraft:time_since_death":1407,"minecraft:climb_one_cm":16625,"minecraft:sprint_one_cm":777768,"minecraft:walk_one_cm":707156,"minecraft:damage_blocked_by_shield":2520,"minecraft:drop":157,"minecraft:talked_to_villager":2,"minecraft:play_time":285769,"minecraft:sneak_time":10887,"minecraft:deaths":17,"minecraft:walk_under_water_one_cm":26067,"minecraft:boat_one_cm":10992,"minecraft:jump":4927,"minecraft:walk_on_water_one_cm":38074,"minecraft:total_world_time":285769,"minecraft:interact_with_furnace":2,"minecraft:sleep_in_bed":7,"minecraft:time_since_rest":382,"minecraft:waystone_activated":1,"minecraft:damage_taken":11362,"minecraft:damage_absorbed":143,"minecraft:damage_dealt":10814,"minecraft:swim_one_cm":61343,"minecraft:fly_one_cm":890869,"minecraft:player_kills":6,"minecraft:open_chest":103,"minecraft:crouch_one_cm":45377,"minecraft:fall_one_cm":147055},"minecraft:killed_by":{"minecraft:husk":2,"minecraft:player":5,"minecraft:warden":2,"minecraft:skeleton":1,"minecraft:zombie":2},"minecraft:killed":{"minecraft:skeleton":10,"minecraft:horse":2,"minecraft:husk":3,"minecraft:iron_golem":1,"minecraft:creeper":1,"minecraft:sheep":1,"minecraft:zombie":8,"minecraft:cow":2}},"DataVersion":3465}