{"stats":{"minecraft:killed":{"minecraft:skeleton":4,"minecraft:zombie":1},"minecraft:dropped":{"minecraft:bread":86,"minecraft:white_tulip":1,"minecraft:diamond":10,"minecraft:rotten_flesh":14,"minecraft:glow_berries":2,"minecraft:chainmail_helmet":1,"minecraft:red_mushroom":1,"gravestone:obituary":6,"minecraft:slime_ball":1,"minecraft:iron_ore":5,"minecraft:string":3,"minecraft:dandelion":1},"minecraft:mined":{"minecraft:deepslate_redstone_ore":1,"minecraft:tuff":1,"minecraft:blackstone":1,"minecraft:deepslate_diamond_ore":20,"epicpaladins:deepslate_bloodstone_ore":2,"minecraft:sculk_vein":24,"minecraft:cherry_log":9,"minecraft:dandelion":1,"minecraft:clay":2,"minecraft:crafting_table":3,"gravestone:gravestone":4,"minecraft:torch":7,"biomesoplenty:bush":2,"minecraft:grass_block":2,"minecraft:sculk_sensor":31,"minecraft:tall_grass":7,"minecraft:sculk":310,"minecraft:wall_torch":1,"supplementaries:urn":7,"minecraft:pink_petals":1,"minecraft:gray_wool":1,"minecraft:sculk_catalyst":1,"minecraft:cobbled_deepslate":2,"minecraft:iron_ore":27,"minecraft:fire":2,"minecraft:andesite":6,"minecraft:deepslate_lapis_ore":2,"minecraft:peony":1,"minecraft:sculk_shrieker":6,"minecraft:grass":34,"minecraft:coal_ore":2,"minecraft:rail":1,"minecraft:dirt":3,"minecraft:white_tulip":1,"minecraft:stone":31,"minecraft:gold_ore":5,"minecraft:deepslate":87,"minecraft:oak_leaves":8},"minecraft:crafted":{"minecraft:cherry_planks":36,"minecraft:oak_planks":4,"minecraft:crafting_table":2,"epicpaladins:bloodstone_sword":1,"minecraft:diamond_helmet":1,"minecraft:iron_chestplate":1,"minecraft:diamond_pickaxe":1,"minecraft:stick":16,"epicpaladins:bloodstone_hoe":1,"minecraft:diamond_boots":1,"minecraft:diamond_chestplate":2},"minecraft:picked_up":{"minecraft:crafting_table":4,"minecraft:clay_ball":8,"minecraft:glow_ink_sac":2,"minecraft:cherry_planks":36,"minecraft:andesite":4,"minecraft:golden_pickaxe":1,"minecraft:red_mushroom":1,"supplementaries:flax_seeds":2,"gravestone:obituary":1,"minecraft:lapis_lazuli":12,"minecraft:string":3,"minecraft:dirt":5,"minecraft:raw_copper":16,"minecraft:iron_leggings":1,"epicpaladins:bloodstone_gem":3,"minecraft:bone":7,"minecraft:blackstone":1,"minecraft:bow":1,"minecraft:wheat_seeds":4,"minecraft:cobbled_deepslate":84,"minecraft:raw_gold":5,"minecraft:iron_ingot":48,"minecraft:white_tulip":1,"minecraft:iron_ore":64,"minecraft:powered_rail":1,"minecraft:iron_pickaxe":1,"minecraft:diamond_helmet":1,"minecraft:piston":1,"minecraft:raw_iron":31,"minecraft:torch":19,"minecraft:dandelion":1,"minecraft:cherry_log":9,"minecraft:redstone":4,"minecraft:gold_ore":5,"minecraft:spider_eye":1,"minecraft:oak_wood":1,"minecraft:rotten_flesh":35,"minecraft:diamond":20,"minecraft:diamond_boots":1,"minecraft:emerald":6,"minecraft:golden_apple":3,"minecraft:gray_wool":1,"minecraft:bread":117,"supplementaries:ash":4,"minecraft:glow_berries":4,"minecraft:coal":20,"minecraft:cobblestone":39},"minecraft:killed_by":{"minecraft:player":1,"minecraft:skeleton":1,"minecraft:zombie":2},"minecraft:custom":{"minecraft:mob_kills":5,"minecraft:interact_with_crafting_table":10,"minecraft:open_barrel":31,"minecraft:time_since_death":30554,"minecraft:climb_one_cm":5474,"minecraft:time_since_rest":30586,"minecraft:sprint_one_cm":197750,"minecraft:walk_one_cm":164309,"minecraft:damage_taken":2580,"minecraft:damage_absorbed":63,"minecraft:drop":59,"minecraft:damage_dealt":1743,"minecraft:swim_one_cm":10823,"minecraft:fly_one_cm":208498,"minecraft:player_kills":1,"minecraft:open_chest":3,"minecraft:crouch_one_cm":19480,"minecraft:play_time":64753,"minecraft:deaths":6,"minecraft:sneak_time":4477,"minecraft:walk_under_water_one_cm":12209,"minecraft:jump":1324,"minecraft:walk_on_water_one_cm":8938,"minecraft:total_world_time":64753,"minecraft:fall_one_cm":45153},"minecraft:used":{"minecraft:iron_ore":67,"minecraft:diamond_boots":1,"minecraft:cherry_planks":32,"minecraft:gold_ore":5,"minecraft:rotten_flesh":3,"minecraft:iron_chestplate":1,"minecraft:torch":8,"minecraft:golden_apple":3,"minecraft:glow_berries":4,"minecraft:dirt":4,"minecraft:crafting_table":4,"minecraft:diamond_helmet":1,"minecraft:diamond_pickaxe":15,"minecraft:bread":10,"minecraft:iron_pickaxe":245,"minecraft:cobblestone":5,"epicpaladins:bloodstone_sword":14,"minecraft:andesite":4,"epicpaladins:bloodstone_hoe":373,"minecraft:golden_pickaxe":7,"minecraft:cobbled_deepslate":17,"minecraft:iron_leggings":1},"minecraft:broken":{"minecraft:iron_pickaxe":1}},"DataVersion":3465}