{"stats":{"minecraft:dropped":{"minecraft:soul_sand":40,"minecraft:porkchop":2,"biomesoplenty:pink_daffodil":1,"minecraft:glow_ink_sac":2,"minecraft:glass_bottle":4,"quark:gold_bars":3,"minecraft:diamond":10,"minecraft:glow_berries":2,"epicpaladins:arclight_axe":1,"minecraft:lantern":6,"minecraft:leather":1,"minecraft:red_mushroom":1,"paraglider:spirit_orb":12,"minecraft:dirt":43,"minecraft:netherite_scrap":2,"epicpaladins:bloodstone_hoe":4,"minecraft:cherry_leaves":3,"gravestone:obituary":55,"minecraft:gold_nugget":8,"minecraft:iron_pickaxe":1,"minecraft:cherry_door":4,"minecraft:gold_ingot":19,"minecraft:bone":24,"minecraft:gravel":14,"epicpaladins:arclight_sword":1,"minecraft:white_tulip":1,"minecraft:cherry_boat":1,"minecraft:blackstone":188,"minecraft:cherry_stairs":8,"minecraft:iron_nugget":5,"minecraft:cobbled_deepslate":256,"minecraft:pink_dye":4,"minecraft:wheat":8,"minecraft:cherry_sapling":34,"minecraft:rotten_flesh":45,"minecraft:glowstone_dust":6,"minecraft:blaze_powder":2,"justhammers:iron_hammer":2,"minecraft:honey_bottle":2,"minecraft:poppy":1,"supplementaries:ash":1,"minecraft:gunpowder":4,"minecraft:spruce_slab":12,"minecraft:iron_ore":5,"minecraft:arrow":3,"minecraft:beef":3,"epicpaladins:bloodstone_sword":3,"minecraft:netherrack":296,"minecraft:enchanted_book":4,"minecraft:water_bucket":3,"minecraft:iron_ingot":29,"minecraft:bread":104,"minecraft:stripped_spruce_log":4,"minecraft:wheat_seeds":563,"minecraft:lilac":1,"minecraft:mossy_cobblestone":1,"minecraft:smithing_table":2,"minecraft:diamond_leggings":3,"minecraft:book":33,"minecraft:iron_helmet":1,"minecraft:cobblestone":149,"minecraft:lead":1,"minecraft:apple":2,"minecraft:spruce_door":4,"minecraft:chainmail_helmet":2,"spelunkers_charm:deepslate_rock":6,"minecraft:coal":6,"minecraft:stick":27,"epicpaladins:arclight_shovel":2,"minecraft:cherry_sign":9,"minecraft:iron_block":3,"minecraft:torch":20,"minecraft:cherry_planks":20,"minecraft:iron_leggings":1,"minecraft:mossy_cobblestone_stairs":1,"minecraft:string":6,"minecraft:pink_petals":13,"minecraft:redstone":29,"minecraft:dandelion":5,"minecraft:pink_tulip":1,"minecraft:furnace":1,"minecraft:netherite_ingot":1,"minecraft:raw_copper":5,"minecraft:slime_block":69,"minecraft:cherry_slab":1,"minecraft:name_tag":4,"minecraft:nether_bricks":34,"minecraft:oak_sign":1,"minecraft:shears":2,"minecraft:lily_of_the_valley":2,"minecraft:stone":54,"minecraft:shield":2,"minecraft:diamond_chestplate":1,"minecraft:peony":3,"minecraft:spruce_planks":46,"minecraft:diamond_pickaxe":3,"minecraft:andesite":299,"minecraft:pink_wool":3,"minecraft:carved_pumpkin":16,"minecraft:diamond_boots":1,"minecraft:spider_eye":1,"minecraft:bamboo":28,"minecraft:spruce_log":48,"minecraft:slime_ball":3,"minecraft:bow":4,"spelunkers_charm:geode":1,"minecraft:magma_block":64},"minecraft:crafted":{"justhammers:netherite_hammer":1,"minecraft:oak_planks":32,"minecraft:cherry_slab":36,"minecraft:pink_bed":1,"minecraft:blaze_powder":16,"minecraft:chain":2,"minecraft:cherry_boat":1,"quark:cherry_chest":3,"justhammers:reinforced_core":1,"minecraft:diamond_helmet":3,"minecraft:diamond_leggings":6,"minecraft:golden_boots":2,"minecraft:crafting_table":5,"justhammers:reinforced_impact_core":1,"minecraft:spruce_planks":64,"minecraft:iron_helmet":1,"minecraft:gold_block":4,"minecraft:hay_block":109,"epicpaladins:moonlight_pickaxe":1,"minecraft:iron_chestplate":1,"minecraft:cherry_sign":3,"minecraft:diamond_pickaxe":1,"minecraft:pink_wool":15,"minecraft:shield":4,"minecraft:stick":44,"minecraft:iron_ingot":4,"minecraft:iron_block":20,"minecraft:gold_ingot":82,"minecraft:netherite_ingot":4,"minecraft:shears":2,"minecraft:cherry_planks":742,"minecraft:iron_nugget":9,"minecraft:golden_chestplate":1,"minecraft:bone_meal":36,"minecraft:pink_dye":20,"epicpaladins:bloodstone_sword":1,"quark:cherry_bookshelf":11,"minecraft:diamond_block":4,"minecraft:flint_and_steel":1,"justhammers:diamond_reinforced_impact_hammer":1,"epicpaladins:arclight_shovel":1,"minecraft:spruce_slab":18,"minecraft:cherry_stairs":20,"minecraft:diamond_boots":4,"minecraft:redstone_block":7,"minecraft:netherite_scrap":17,"minecraft:golden_helmet":1,"minecraft:wheat":1080,"epicpaladins:moonlight_axe":1,"epicpaladins:arclight_axe":1,"minecraft:bucket":4,"minecraft:bread":353,"minecraft:oak_boat":1,"justhammers:iron_hammer":1,"epicpaladins:bloodstone_hoe":1,"justhammers:impact_core":1,"minecraft:cherry_door":6,"minecraft:anvil":1,"minecraft:cherry_hanging_sign":6,"minecraft:pink_banner":2,"minecraft:torch":44,"minecraft:diamond_chestplate":6},"minecraft:killed":{"minecraft:spider":5,"minecraft:skeleton":14,"minecraft:bee":1,"minecraft:magma_cube":4,"minecraft:piglin":3,"minecraft:pig":1,"minecraft:iron_golem":1,"minecraft:creeper":2,"minecraft:sheep":1,"minecraft:zombie":19,"takesapillage:archer":1,"minecraft:blaze":3,"minecraft:cow":3,"minecraft:slime":1,"minecraft:horse":2,"minecraft:husk":3,"quark:foxhound":3,"minecraft:wither_skeleton":2},"minecraft:picked_up":{"biomesoplenty:burning_blossom":1,"minecraft:wheat":993,"minecraft:redstone_block":6,"minecraft:flower_pot":5,"minecraft:smithing_table":2,"minecraft:potion":4,"minecraft:enchanted_book":7,"minecraft:string":6,"minecraft:raw_copper":21,"minecraft:iron_leggings":4,"minecraft:netherite_ingot":1,"epicpaladins:bloodstone_gem":5,"epicpaladins:bloodstone_hoe":3,"minecraft:oak_sign":2,"minecraft:cherry_boat":1,"minecraft:diamond_leggings":1,"minecraft:cobbled_deepslate":466,"minecraft:spruce_planks":42,"minecraft:white_tulip":1,"minecraft:written_book":1,"minecraft:calcite":2,"minecraft:iron_pickaxe":4,"minecraft:furnace":2,"minecraft:stick":74,"epicpaladins:arclight_gem":20,"quark:cherry_chest":1,"minecraft:torch":83,"minecraft:porkchop":2,"minecraft:cherry_log":280,"epicpaladins:moonlight_gem":7,"quark:spruce_vertical_slab":6,"minecraft:rotten_flesh":48,"minecraft:iron_block":5,"minecraft:carved_pumpkin":24,"supplementaries:ash":5,"minecraft:blaze_rod":1,"minecraft:obsidian":8,"minecraft:cobblestone":586,"minecraft:magma_block":67,"minecraft:pink_petals":16,"minecraft:lilac":1,"minecraft:cherry_planks":139,"minecraft:cherry_leaves":9,"minecraft:water_bucket":3,"minecraft:andesite":466,"paraglider:spirit_orb":12,"minecraft:flint":1,"supplementaries:flax_seeds":2,"minecraft:lantern":6,"minecraft:cherry_door":2,"minecraft:lapis_lazuli":84,"minecraft:dirt":893,"minecraft:name_tag":2,"minecraft:bone":35,"minecraft:bow":3,"minecraft:wheat_seeds":2756,"minecraft:pink_banner":2,"minecraft:raw_gold":90,"minecraft:glowstone_dust":3,"minecraft:diamond_helmet":1,"minecraft:bamboo":90,"minecraft:powered_rail":1,"minecraft:stripped_spruce_log":7,"epicpaladins:arclight_sword":1,"minecraft:nether_brick_stairs":1,"minecraft:lily_of_the_valley":3,"minecraft:mossy_cobblestone":1,"quark:gold_bars":15,"minecraft:diamond":144,"minecraft:slime_block":92,"waystones:waystone":2,"minecraft:crimson_roots":1,"minecraft:golden_apple":5,"minecraft:emerald":11,"minecraft:bread":125,"biomesoplenty:pink_daffodil":3,"minecraft:cherry_slab":5,"minecraft:netherrack":783,"minecraft:diamond_pickaxe":4,"minecraft:crafting_table":5,"minecraft:azure_bluet":1,"minecraft:nether_wart":40,"minecraft:clay_ball":8,"minecraft:golden_pickaxe":1,"spelunkers_charm:deepslate_rock":9,"gravestone:obituary":20,"minecraft:stripped_cherry_log":17,"minecraft:shield":1,"minecraft:netherite_scrap":1,"minecraft:white_carpet":4,"minecraft:blackstone":187,"minecraft:beef":3,"minecraft:poppy":1,"minecraft:spruce_slab":17,"minecraft:piston":1,"minecraft:raw_iron":31,"minecraft:cherry_stairs":11,"minecraft:stone_button":2,"minecraft:redstone":101,"minecraft:arrow":8,"minecraft:peony":14,"minecraft:nether_bricks":73,"minecraft:diamond_boots":2,"minecraft:hay_block":11,"minecraft:yellow_terracotta":1,"minecraft:pink_tulip":2,"minecraft:gold_ingot":66,"minecraft:glow_berries":4,"minecraft:mutton":2,"minecraft:white_wool":16,"minecraft:glow_ink_sac":2,"minecraft:leather":2,"minecraft:red_mushroom":1,"epicpaladins:arclight_axe":1,"minecraft:oak_log":7,"minecraft:ancient_debris":17,"minecraft:gunpowder":4,"epicpaladins:bloodstone_sword":3,"minecraft:white_banner":1,"minecraft:apple":12,"minecraft:iron_ingot":54,"minecraft:iron_ore":64,"minecraft:cherry_sign":7,"minecraft:glass_bottle":3,"spelunkers_charm:geode":1,"minecraft:soul_sand":81,"minecraft:book":123,"minecraft:pink_bed":2,"epicpaladins:moonlight_pickaxe":1,"minecraft:dandelion":5,"minecraft:gravel":18,"minecraft:white_bed":5,"minecraft:gold_ore":5,"minecraft:spruce_door":6,"minecraft:spider_eye":2,"minecraft:oak_wood":1,"minecraft:pumpkin_seeds":48,"minecraft:slime_ball":2,"minecraft:painting":9,"minecraft:cherry_sapling":160,"minecraft:mossy_cobblestone_stairs":1,"minecraft:gray_wool":1,"epicpaladins:arclight_shovel":1,"minecraft:coal":185},"minecraft:custom":{"minecraft:animals_bred":1,"minecraft:interact_with_crafting_table":95,"minecraft:open_barrel":68,"minecraft:leave_game":6,"minecraft:time_since_death":2750,"minecraft:sprint_one_cm":1954414,"minecraft:damage_blocked_by_shield":3220,"minecraft:drop":509,"minecraft:talked_to_villager":2,"minecraft:play_time":719232,"minecraft:deaths":38,"minecraft:jump":11785,"minecraft:walk_on_water_one_cm":68257,"minecraft:interact_with_furnace":22,"minecraft:sleep_in_bed":9,"minecraft:waystone_activated":3,"minecraft:damage_dealt":18270,"minecraft:player_kills":8,"minecraft:crouch_one_cm":59508,"minecraft:interact_with_anvil":23,"minecraft:mob_kills":69,"minecraft:damage_dealt_resisted":80,"minecraft:climb_one_cm":18513,"minecraft:walk_one_cm":1819188,"minecraft:sneak_time":17902,"minecraft:walk_under_water_one_cm":53188,"minecraft:boat_one_cm":62382,"minecraft:interact_with_lectern":1,"minecraft:interact_with_blast_furnace":15,"minecraft:total_world_time":719232,"minecraft:pot_flower":5,"minecraft:time_since_rest":2782,"minecraft:damage_taken":21919,"minecraft:damage_absorbed":143,"minecraft:swim_one_cm":105765,"minecraft:fly_one_cm":2157295,"minecraft:open_chest":213,"minecraft:fall_one_cm":344606},"minecraft:broken":{"minecraft:diamond_helmet":2,"minecraft:diamond_boots":2,"minecraft:shield":1,"minecraft:iron_pickaxe":2},"minecraft:killed_by":{"minecraft:zombified_piglin":1,"minecraft:zombie":4,"minecraft:husk":2,"minecraft:player":7,"takesapillage:archer":1,"minecraft:warden":2,"minecraft:skeleton":1,"minecraft:phantom":1},"minecraft:used":{"minecraft:cherry_sapling":119,"minecraft:spruce_slab":23,"minecraft:oak_sign":1,"minecraft:shield":91,"minecraft:nether_wart":40,"minecraft:rotten_flesh":3,"minecraft:iron_chestplate":1,"minecraft:soul_sand":41,"quark:cherry_chest":4,"minecraft:nether_bricks":7,"minecraft:obsidian":7,"minecraft:stripped_spruce_log":2,"epicpaladins:arclight_sword":1,"minecraft:honey_bottle":4,"epicpaladins:moonlight_axe":144,"minecraft:cherry_leaves":6,"epicpaladins:bloodstone_shovel":188,"minecraft:magma_block":3,"minecraft:written_book":2,"spelunkers_charm:geode":12,"minecraft:golden_boots":1,"minecraft:diamond_boots":1,"minecraft:spruce_door":2,"minecraft:ender_pearl":2,"minecraft:chainmail_helmet":1,"minecraft:golden_apple":5,"minecraft:glow_berries":4,"minecraft:yellow_terracotta":1,"epicpaladins:arclight_axe":535,"epicpaladins:moonlight_pickaxe":659,"minecraft:shears":12,"waystones:waystone":2,"minecraft:cherry_hanging_sign":1,"quark:gold_bars":12,"minecraft:bread":133,"minecraft:cherry_sign":1,"minecraft:gravel":4,"minecraft:andesite":71,"justhammers:diamond_reinforced_impact_hammer":123,"minecraft:oak_boat":1,"minecraft:air":1,"minecraft:bone_meal":36,"minecraft:golden_pickaxe":7,"epicpaladins:bloodstone_hoe":878,"minecraft:experience_bottle":2,"minecraft:cherry_boat":1,"minecraft:flint_and_steel":1,"minecraft:carved_pumpkin":8,"minecraft:spruce_planks":87,"minecraft:netherrack":198,"minecraft:stick":11,"minecraft:torch":85,"minecraft:dirt":868,"minecraft:anvil":1,"minecraft:white_carpet":4,"minecraft:diamond_helmet":1,"quark:cherry_bookshelf":11,"minecraft:iron_block":18,"minecraft:cherry_slab":20,"minecraft:slime_block":23,"quark:spruce_vertical_slab":6,"minecraft:bamboo":53,"minecraft:cobbled_deepslate":166,"minecraft:cherry_log":41,"minecraft:iron_leggings":3,"minecraft:wheat_seeds":401,"minecraft:water_bucket":111,"minecraft:iron_ore":67,"minecraft:glass_bottle":27,"minecraft:pink_banner":4,"minecraft:cherry_planks":143,"minecraft:gold_ore":5,"minecraft:tnt":1,"minecraft:crafting_table":9,"minecraft:white_bed":4,"minecraft:painting":9,"justhammers:iron_hammer":265,"minecraft:flower_pot":5,"minecraft:diamond_pickaxe":1475,"minecraft:apple":27,"minecraft:cherry_door":3,"minecraft:iron_pickaxe":1544,"minecraft:pink_bed":3,"minecraft:potion":26,"minecraft:cherry_stairs":23,"minecraft:cobblestone":115,"epicpaladins:arclight_shovel":1053,"epicpaladins:bloodstone_sword":366,"minecraft:bucket":114},"minecraft:mined":{"minecraft:potted_pink_tulip":1,"minecraft:spruce_planks":43,"minecraft:white_bed":1,"connectedglass:borderless_glass":3,"quark:cherry_chest":2,"minecraft:pink_bed":1,"minecraft:sculk_vein":27,"minecraft:cherry_log":282,"minecraft:obsidian":8,"minecraft:carved_pumpkin":16,"biomesoplenty:burning_blossom":1,"minecraft:granite":2,"minecraft:grass_block":690,"minecraft:nether_wart":38,"minecraft:spawner":3,"epicpaladins:moonlight_ore":7,"minecraft:magma_block":18,"minecraft:sculk_catalyst":1,"minecraft:mossy_cobblestone_stairs":1,"minecraft:iron_ore":27,"minecraft:cobbled_deepslate":3,"minecraft:fire":5,"minecraft:deepslate_lapis_ore":2,"minecraft:nether_brick_stairs":2,"minecraft:sculk_shrieker":17,"supplementaries:stick":11,"minecraft:oak_sign":2,"minecraft:dirt_path":21,"minecraft:pink_tulip":1,"minecraft:iron_block":3,"minecraft:spruce_slab":15,"minecraft:deepslate_redstone_ore":15,"minecraft:blackstone":28,"minecraft:soul_fire":1,"quark:gold_bars":12,"minecraft:clay":2,"minecraft:torch":32,"minecraft:calcite":2,"minecraft:cobblestone":15,"minecraft:slime_block":82,"minecraft:wall_torch":13,"minecraft:cherry_slab":4,"minecraft:pink_petals":5,"quark:cherry_bookshelf":31,"minecraft:wheat":1007,"minecraft:lilac":1,"quark:spruce_vertical_slab":6,"minecraft:warped_fungus":1,"minecraft:grass":273,"minecraft:oak_log":7,"spelunkers_charm:geode_stone":1,"minecraft:lime_terracotta":5,"minecraft:dirt":252,"biomesoplenty:potted_pink_daffodil":1,"minecraft:pink_banner":2,"minecraft:netherrack":1624,"minecraft:ancient_debris":17,"minecraft:oak_leaves":8,"minecraft:deepslate":517,"minecraft:yellow_terracotta":7,"minecraft:nether_gold_ore":4,"minecraft:diamond_ore":1,"minecraft:tuff":4,"connectedglass:borderless_glass_pane":2,"minecraft:light_gray_stained_glass_pane":1,"minecraft:mossy_cobblestone":1,"minecraft:dark_oak_leaves":7,"minecraft:deepslate_diamond_ore":80,"minecraft:cherry_sapling":57,"minecraft:stripped_cherry_log":17,"gravestone:gravestone":32,"minecraft:nether_bricks":41,"biomesoplenty:bush":2,"minecraft:crimson_roots":1,"minecraft:spruce_leaves":5,"epicpaladins:deepslate_arclight_ore":20,"minecraft:cherry_wall_sign":1,"minecraft:hay_block":11,"minecraft:redstone_ore":3,"minecraft:andesite":303,"minecraft:green_terracotta":1,"minecraft:stripped_spruce_log":5,"minecraft:peony":14,"minecraft:bookshelf":10,"minecraft:rail":1,"minecraft:bamboo":10,"minecraft:stone":291,"minecraft:white_tulip":1,"minecraft:cherry_stairs":6,"minecraft:smithing_table":1,"minecraft:podzol":5,"minecraft:cherry_planks":42,"minecraft:soul_sand":41,"epicpaladins:deepslate_bloodstone_ore":2,"minecraft:potted_lily_of_the_valley":3,"minecraft:dandelion":3,"minecraft:spruce_door":3,"minecraft:crafting_table":4,"minecraft:sculk_sensor":31,"minecraft:copper_ore":1,"minecraft:tall_grass":73,"minecraft:deepslate_gold_ore":24,"minecraft:sculk":374,"supplementaries:urn":8,"minecraft:gray_wool":1,"biomesoplenty:pink_daffodil":1,"minecraft:white_carpet":1,"minecraft:white_wall_banner":1,"minecraft:bee_nest":1,"minecraft:coal_ore":9,"minecraft:cherry_leaves":69,"minecraft:gravel":92,"minecraft:stone_bricks":4,"minecraft:gold_ore":30}},"DataVersion":3465}