{"stats":{"minecraft:dropped":{"minecraft:iron_ingot":117,"minecraft:gold_ore":5,"minecraft:spruce_sign":1,"minecraft:water_bucket":2,"minecraft:bread":106,"minecraft:brown_mushroom":1,"minecraft:wheat_seeds":819,"minecraft:diamond_axe":1,"minecraft:baked_potato":3,"minecraft:crafting_table":2,"minecraft:glow_berries":4,"minecraft:chainmail_helmet":1,"minecraft:golden_apple":3,"spelunkers_charm:deepslate_rock":2,"minecraft:stick":13,"minecraft:dirt":52,"minecraft:cherry_planks":90,"minecraft:diamond_helmet":1,"minecraft:iron_leggings":2,"gravestone:obituary":6,"minecraft:iron_axe":1,"minecraft:iron_pickaxe":2,"minecraft:chipped_anvil":1,"minecraft:string":2,"minecraft:pink_petals":8,"minecraft:music_disc_stal":1,"minecraft:spruce_sapling":1,"minecraft:dandelion":2,"minecraft:gold_ingot":2,"minecraft:white_tulip":2,"minecraft:cherry_stairs":1,"minecraft:pink_bed":1,"minecraft:cobbled_deepslate":5,"minecraft:raw_copper":16,"minecraft:cherry_sapling":5,"minecraft:raw_iron":14,"epicpaladins:bloodstone_gem":9,"minecraft:rotten_flesh":25,"minecraft:white_bed":1,"supplementaries:antique_ink":3,"minecraft:diamond_chestplate":1,"minecraft:andesite":2,"minecraft:chest":1,"epicpaladins:arclight_pickaxe":2,"minecraft:bamboo":6,"minecraft:diamond_boots":2,"minecraft:iron_ore":320},"minecraft:picked_up":{"minecraft:crafting_table":10,"minecraft:wheat":499,"minecraft:flower_pot":1,"minecraft:brown_mushroom":1,"quark:ancient_sapling":1,"spelunkers_charm:deepslate_rock":3,"minecraft:potion":1,"minecraft:enchanted_book":3,"epicpaladins:arclight_hoe":1,"minecraft:stripped_cherry_log":16,"gravestone:obituary":3,"minecraft:cornflower":1,"minecraft:string":2,"minecraft:raw_copper":16,"minecraft:iron_axe":1,"minecraft:oak_hanging_sign":2,"minecraft:iron_leggings":1,"minecraft:white_carpet":23,"epicpaladins:bloodstone_gem":15,"minecraft:oak_sign":1,"minecraft:sea_pickle":2,"minecraft:coal_block":5,"minecraft:cobbled_deepslate":9,"minecraft:comparator":1,"minecraft:spruce_planks":5,"minecraft:spruce_slab":9,"minecraft:beef":7,"minecraft:white_tulip":2,"minecraft:calcite":126,"minecraft:poppy":1,"minecraft:iron_pickaxe":2,"supplementaries:rope":7,"minecraft:chest":11,"minecraft:spruce_trapdoor":9,"minecraft:cherry_trapdoor":3,"minecraft:furnace":10,"minecraft:stick":10,"minecraft:raw_iron":5,"minecraft:cherry_stairs":14,"ecologics:coconut_slice":2,"epicpaladins:arclight_gem":8,"minecraft:torch":21,"quark:cherry_chest":4,"minecraft:spruce_stairs":8,"minecraft:cherry_log":57,"quark:spruce_vertical_slab":12,"quark:ancient_tome":4,"minecraft:tnt":3,"minecraft:arrow":2,"minecraft:rotten_flesh":30,"quark:clear_shard":20,"epicpaladins:cryorium_gem":9,"minecraft:diamond_boots":1,"supplementaries:antique_ink":6,"minecraft:hay_block":33,"minecraft:gold_ingot":23,"minecraft:glow_berries":6,"minecraft:cobblestone":27,"minecraft:pink_petals":14,"minecraft:cherry_planks":57,"minecraft:cherry_leaves":50,"minecraft:andesite":2,"minecraft:leather":13,"minecraft:music_disc_stal":2,"minecraft:red_mushroom":1,"minecraft:oak_log":5,"securitycraft:reinforced_glass":1,"minecraft:dirt":576,"minecraft:lantern":7,"minecraft:name_tag":4,"minecraft:bone":7,"minecraft:chipped_anvil":2,"epicpaladins:arclight_pickaxe":1,"minecraft:wheat_seeds":1022,"minecraft:raw_gold":16,"minecraft:rabbit_hide":16,"minecraft:iron_ingot":185,"minecraft:iron_ore":256,"minecraft:bamboo":6,"minecraft:book":111,"minecraft:pink_bed":1,"securitycraft:mine":3,"minecraft:dandelion":7,"minecraft:blast_furnace":2,"minecraft:stripped_spruce_log":50,"minecraft:spruce_sapling":2,"minecraft:white_bed":14,"minecraft:spruce_log":130,"minecraft:dark_oak_log":18,"minecraft:spruce_door":14,"minecraft:diamond":24,"waystones:waystone":1,"minecraft:diamond_axe":1,"minecraft:painting":7,"minecraft:cherry_sapling":30,"minecraft:mossy_cobblestone_stairs":1,"minecraft:chainmail_helmet":1,"minecraft:spruce_sign":1,"minecraft:bread":43,"minecraft:emerald":14,"minecraft:baked_potato":19,"minecraft:coal":187},"minecraft:broken":{"minecraft:shears":1,"minecraft:iron_boots":1,"minecraft:iron_chestplate":1,"minecraft:iron_axe":1},"minecraft:mined":{"securitycraft:mine":2,"minecraft:pink_bed":1,"minecraft:spruce_planks":5,"minecraft:white_bed":14,"quark:cherry_chest":2,"minecraft:deepslate_diamond_ore":9,"minecraft:sculk_vein":74,"minecraft:cherry_log":60,"minecraft:cherry_sapling":26,"minecraft:dark_oak_log":18,"minecraft:stripped_cherry_log":16,"minecraft:spruce_trapdoor":9,"minecraft:cherry_trapdoor":3,"gravestone:gravestone":10,"minecraft:grass_block":354,"minecraft:coal_block":5,"minecraft:spruce_leaves":18,"epicpaladins:deepslate_arclight_ore":7,"spelunkers_charm:deepslate_rock_pile_1":1,"minecraft:hay_block":34,"minecraft:sculk_catalyst":5,"minecraft:furnace":7,"minecraft:iron_ore":2,"minecraft:fire":2,"minecraft:stripped_spruce_log":53,"minecraft:bookshelf":37,"minecraft:peony":1,"minecraft:oak_wall_hanging_sign":1,"minecraft:sculk_shrieker":1,"supplementaries:stick":2,"minecraft:oak_sign":1,"minecraft:dirt_path":22,"minecraft:lantern":2,"minecraft:oak_hanging_sign":1,"minecraft:stone":36,"minecraft:cherry_stairs":14,"minecraft:spruce_slab":8,"spelunkers_charm:rock_pile_1":1,"minecraft:glass_pane":6,"minecraft:cherry_planks":17,"minecraft:comparator":1,"epicpaladins:deepslate_bloodstone_ore":9,"minecraft:dandelion":1,"minecraft:spruce_door":14,"minecraft:crafting_table":10,"minecraft:torch":10,"minecraft:blast_furnace":2,"minecraft:oak_wood":1,"minecraft:calcite":86,"minecraft:chest":6,"minecraft:sculk_sensor":7,"minecraft:glass":7,"minecraft:tall_grass":136,"minecraft:sculk":535,"minecraft:wall_torch":13,"minecraft:spruce_stairs":8,"minecraft:beehive":1,"minecraft:wheat":69,"epicpaladins:deepslate_cryorium_ore":4,"quark:spruce_vertical_slab":10,"minecraft:white_carpet":23,"minecraft:spruce_log":129,"minecraft:tnt":1,"minecraft:oak_log":5,"minecraft:grass":340,"quark:potted_ancient_sapling":1,"minecraft:coal_ore":5,"minecraft:cherry_leaves":259,"minecraft:dirt":112,"minecraft:chipped_anvil":1,"minecraft:deepslate":6},"minecraft:used":{"minecraft:cherry_sapling":1,"minecraft:spruce_slab":15,"minecraft:chest":17,"minecraft:spruce_planks":203,"minecraft:stone":36,"minecraft:stick":3,"minecraft:iron_chestplate":1,"minecraft:torch":38,"quark:cherry_chest":8,"minecraft:dirt":335,"minecraft:white_carpet":31,"minecraft:spruce_stairs":118,"quark:vertical_spruce_planks":3,"minecraft:stone_stairs":4,"minecraft:diamond_helmet":1,"minecraft:oak_fence_gate":4,"minecraft:stripped_spruce_log":320,"epicpaladins:arclight_sword":416,"minecraft:glass":104,"minecraft:chipped_anvil":1,"minecraft:lantern":20,"minecraft:iron_axe":144,"minecraft:grass_block":10,"minecraft:cherry_slab":104,"minecraft:cherry_trapdoor":7,"minecraft:cherry_leaves":64,"minecraft:iron_boots":1,"connectedglass:borderless_glass":98,"epicpaladins:bloodstone_shovel":642,"quark:spruce_vertical_slab":30,"minecraft:barrel":4,"connectedglass:borderless_glass_pane":62,"torchmaster:feral_flare_lantern":1,"securitycraft:dirt_mine":2,"epicpaladins:arclight_hoe":601,"securitycraft:reinforced_glass":1,"minecraft:furnace":16,"torchmaster:megatorch":3,"minecraft:cobbled_deepslate":4,"minecraft:cherry_log":244,"minecraft:iron_leggings":1,"minecraft:calcite":9,"minecraft:wheat_seeds":3,"minecraft:water_bucket":33,"minecraft:spruce_door":39,"minecraft:oak_planks":10,"minecraft:cherry_planks":164,"minecraft:diamond_axe":88,"connectedglass:clear_glass":18,"minecraft:comparator":1,"minecraft:crafting_table":13,"minecraft:blast_furnace":5,"minecraft:white_bed":14,"minecraft:painting":10,"epicpaladins:arclight_axe":891,"minecraft:shears":238,"minecraft:spruce_log":208,"quark:stripped_spruce_post":4,"waystones:waystone":2,"minecraft:flower_pot":3,"minecraft:apple":4,"minecraft:bread":102,"minecraft:iron_pickaxe":45,"minecraft:spruce_trapdoor":159,"securitycraft:mine":2,"minecraft:pink_bed":1,"minecraft:cherry_stairs":53,"minecraft:cobblestone":8,"minecraft:bucket":34,"minecraft:glass_pane":69,"minecraft:sea_pickle":2,"minecraft:stripped_cherry_log":139,"minecraft:oak_hanging_sign":3,"minecraft:diamond_leggings":1,"minecraft:oak_fence":20,"epicpaladins:bloodstone_pickaxe":151},"minecraft:crafted":{"minecraft:cherry_planks":108,"epicpaladins:arclight_sword":1,"minecraft:oak_planks":20,"securitycraft:mine":3,"epicpaladins:bloodstone_shovel":1,"minecraft:furnace":1,"epicpaladins:arclight_pickaxe":1,"quark:cherry_chest":7,"minecraft:cherry_trapdoor":4,"minecraft:spruce_stairs":20,"minecraft:diamond_helmet":1,"minecraft:diamond_leggings":1,"minecraft:iron_boots":1,"minecraft:iron_axe":1,"minecraft:cherry_stairs":36,"minecraft:chest":9,"quark:spruce_chest":6,"minecraft:wheat":234,"epicpaladins:arclight_hoe":1,"sophisticatedbackpacks:backpack":1,"minecraft:diamond_axe":1,"minecraft:crafting_table":5,"minecraft:spruce_planks":212,"minecraft:spruce_door":3,"epicpaladins:arclight_axe":1,"minecraft:bucket":1,"minecraft:bread":85,"securitycraft:dirt_mine":2,"minecraft:spruce_trapdoor":8,"minecraft:iron_chestplate":1,"epicpaladins:bloodstone_pickaxe":1,"minecraft:stick":28,"quark:oak_chest":1,"minecraft:iron_pickaxe":1,"minecraft:iron_leggings":1,"minecraft:torch":60},"minecraft:custom":{"minecraft:interact_with_anvil":5,"minecraft:mob_kills":66,"minecraft:interact_with_crafting_table":50,"minecraft:open_barrel":37,"minecraft:bell_ring":9,"minecraft:leave_game":10,"minecraft:time_since_death":25251,"minecraft:climb_one_cm":3948,"minecraft:sprint_one_cm":810097,"minecraft:walk_one_cm":898220,"minecraft:drop":126,"minecraft:damage_dealt_absorbed":80,"minecraft:play_time":304406,"minecraft:sneak_time":22377,"minecraft:deaths":9,"minecraft:walk_under_water_one_cm":9882,"minecraft:jump":5158,"minecraft:interact_with_blast_furnace":1,"minecraft:walk_on_water_one_cm":29660,"minecraft:total_world_time":304406,"minecraft:interact_with_furnace":12,"minecraft:pot_flower":3,"minecraft:sleep_in_bed":4,"minecraft:time_since_rest":25279,"minecraft:waystone_activated":3,"minecraft:damage_taken":9077,"minecraft:damage_dealt":18734,"minecraft:player_kills":6,"minecraft:swim_one_cm":14124,"minecraft:fly_one_cm":1130419,"minecraft:open_chest":115,"minecraft:crouch_one_cm":94987,"minecraft:fall_one_cm":168067},"minecraft:killed_by":{"minecraft:player":4,"minecraft:warden":1,"minecraft:zombie":2},"minecraft:killed":{"minecraft:cave_spider":3,"minecraft:spider":1,"quark:toretoise":2,"minecraft:slime":1,"minecraft:skeleton":5,"minecraft:horse":9,"minecraft:zombie_villager":2,"minecraft:zombie":36,"takesapillage:archer":1,"minecraft:cow":5}},"DataVersion":3465}