{"stats":{"minecraft:killed":{"minecraft:cave_spider":3,"minecraft:spider":4,"minecraft:skeleton":14,"minecraft:silverfish":9,"minecraft:piglin":4,"minecraft:zombie_villager":2,"minecraft:zombie":45,"takesapillage:archer":1,"minecraft:cow":5,"minecraft:blaze":15,"quark:toretoise":2,"minecraft:slime":5,"minecraft:horse":9,"minecraft:hoglin":1,"minecraft:wither_skeleton":1,"minecraft:enderman":1},"minecraft:dropped":{"minecraft:spruce_sign":1,"minecraft:gold_ore":5,"spelunkers_charm:mining_helmet":1,"minecraft:brown_mushroom":1,"minecraft:diamond_axe":1,"minecraft:baked_potato":4,"minecraft:diamond":41,"minecraft:crafting_table":2,"minecraft:glow_berries":4,"minecraft:dirt":52,"gravestone:obituary":8,"minecraft:iron_pickaxe":2,"minecraft:music_disc_stal":1,"minecraft:gold_ingot":55,"epicpaladins:arclight_sword":1,"minecraft:white_tulip":2,"minecraft:blackstone":5,"minecraft:cherry_stairs":1,"minecraft:pink_bed":1,"minecraft:cobbled_deepslate":1584,"minecraft:cherry_sapling":5,"minecraft:rotten_flesh":29,"minecraft:blaze_powder":15,"justhammers:iron_hammer":1,"minecraft:white_bed":1,"supplementaries:antique_ink":3,"minecraft:chest":1,"epicpaladins:arclight_pickaxe":2,"minecraft:iron_ore":320,"minecraft:netherrack":94,"minecraft:water_bucket":2,"minecraft:iron_ingot":117,"minecraft:bread":110,"minecraft:wheat_seeds":1111,"minecraft:cobblestone":897,"minecraft:apple":1,"minecraft:chainmail_helmet":1,"spelunkers_charm:deepslate_rock":3,"minecraft:golden_apple":3,"minecraft:stick":13,"minecraft:cherry_planks":90,"minecraft:diamond_helmet":1,"minecraft:iron_leggings":2,"minecraft:iron_axe":1,"minecraft:chipped_anvil":1,"minecraft:string":2,"minecraft:pink_petals":8,"minecraft:spruce_sapling":1,"minecraft:redstone_block":70,"minecraft:dandelion":2,"minecraft:redstone":32,"minecraft:raw_copper":34,"minecraft:tuff":148,"minecraft:raw_iron":22,"epicpaladins:bloodstone_gem":9,"minecraft:diamond_chestplate":1,"minecraft:andesite":66,"minecraft:bamboo":6,"minecraft:diamond_boots":2,"minecraft:magma_block":85},"minecraft:picked_up":{"biomesoplenty:burning_blossom":1,"minecraft:wheat":832,"minecraft:redstone_block":1,"minecraft:flower_pot":1,"minecraft:potion":2,"minecraft:enchanted_book":3,"epicpaladins:arclight_hoe":1,"minecraft:string":2,"minecraft:raw_copper":207,"minecraft:oak_hanging_sign":2,"minecraft:iron_leggings":1,"epicpaladins:bloodstone_gem":70,"minecraft:oak_sign":1,"minecraft:sea_pickle":2,"minecraft:cherry_boat":1,"minecraft:gold_nugget":394,"minecraft:cobbled_deepslate":3017,"minecraft:comparator":1,"minecraft:spruce_planks":7,"minecraft:white_tulip":2,"minecraft:calcite":126,"minecraft:iron_pickaxe":2,"minecraft:coal_block":5,"minecraft:furnace":10,"minecraft:golden_helmet":1,"minecraft:stick":26,"epicpaladins:arclight_gem":35,"quark:cherry_chest":4,"minecraft:torch":46,"minecraft:spruce_stairs":8,"minecraft:cherry_log":57,"epicpaladins:moonlight_gem":28,"quark:spruce_vertical_slab":12,"minecraft:green_terracotta":49,"quark:ancient_tome":4,"epicpaladins:cryorium_gem":41,"minecraft:rotten_flesh":40,"quark:clear_shard":20,"supplementaries:antique_ink":6,"minecraft:carved_pumpkin":8,"supplementaries:ash":1,"minecraft:blaze_rod":7,"minecraft:blaze_powder":15,"minecraft:cobblestone":3170,"minecraft:pink_petals":14,"minecraft:magma_block":274,"minecraft:magma_cream":1,"minecraft:cherry_planks":63,"minecraft:cherry_leaves":50,"minecraft:andesite":849,"minecraft:flint":5,"minecraft:tuff":285,"minecraft:lapis_lazuli":184,"minecraft:lantern":8,"minecraft:dirt":694,"minecraft:name_tag":4,"minecraft:bone":21,"minecraft:chipped_anvil":2,"minecraft:wheat_seeds":1705,"minecraft:raw_gold":104,"minecraft:glowstone_dust":43,"minecraft:bamboo":6,"securitycraft:mine":3,"minecraft:lime_terracotta":13,"justhammers:iron_hammer":2,"minecraft:stripped_spruce_log":53,"epicpaladins:arclight_sword":1,"quark:stone_brick_vertical_slab":1,"minecraft:barrel":1,"minecraft:dark_oak_log":18,"minecraft:diamond":153,"waystones:waystone":1,"minecraft:granite":19,"minecraft:emerald":14,"minecraft:spruce_sign":1,"minecraft:chainmail_helmet":1,"minecraft:bread":47,"minecraft:netherrack":1624,"minecraft:crafting_table":13,"minecraft:nether_wart":79,"minecraft:brown_mushroom":1,"spelunkers_charm:deepslate_rock":4,"quark:ancient_sapling":1,"minecraft:stripped_cherry_log":18,"gravestone:obituary":3,"minecraft:cornflower":1,"minecraft:stone_stairs":10,"minecraft:iron_axe":1,"minecraft:white_carpet":23,"minecraft:blackstone":72,"minecraft:beef":7,"minecraft:poppy":1,"minecraft:spruce_slab":9,"supplementaries:rope":7,"minecraft:chest":11,"minecraft:spruce_trapdoor":9,"minecraft:cherry_trapdoor":3,"minecraft:raw_iron":196,"minecraft:cherry_stairs":14,"ecologics:coconut_slice":2,"spelunkers_charm:mining_helmet":1,"minecraft:redstone":225,"minecraft:tnt":3,"minecraft:arrow":17,"minecraft:hay_block":58,"minecraft:diamond_boots":1,"minecraft:gold_ingot":23,"minecraft:glow_berries":6,"minecraft:glow_ink_sac":2,"minecraft:leather":13,"minecraft:music_disc_stal":2,"minecraft:red_mushroom":1,"minecraft:oak_log":5,"minecraft:ancient_debris":3,"minecraft:gunpowder":1,"securitycraft:reinforced_glass":1,"epicpaladins:arclight_pickaxe":1,"minecraft:apple":1,"minecraft:iron_ingot":188,"minecraft:rabbit_hide":16,"minecraft:iron_ore":256,"spelunkers_charm:geode":1,"minecraft:book":112,"minecraft:pink_bed":2,"minecraft:quartz":64,"minecraft:dandelion":7,"minecraft:gravel":23,"minecraft:spruce_sapling":2,"minecraft:blast_furnace":2,"minecraft:white_bed":14,"minecraft:spruce_log":130,"minecraft:spruce_door":14,"biomesoplenty:bramble":2,"minecraft:slime_ball":1,"minecraft:diamond_axe":1,"minecraft:painting":7,"minecraft:cherry_sapling":30,"minecraft:mossy_cobblestone_stairs":1,"minecraft:baked_potato":20,"minecraft:coal":753},"minecraft:mined":{"securitycraft:mine":2,"minecraft:spruce_planks":7,"minecraft:white_bed":14,"quark:cherry_chest":2,"minecraft:pink_bed":1,"minecraft:cherry_log":60,"minecraft:sculk_vein":74,"minecraft:spruce_trapdoor":9,"minecraft:cherry_trapdoor":3,"minecraft:grass_block":362,"minecraft:coal_block":5,"minecraft:nether_wart":1,"epicpaladins:moonlight_ore":28,"minecraft:magma_block":6,"minecraft:sculk_catalyst":5,"minecraft:glowstone":15,"minecraft:iron_ore":32,"minecraft:barrel":1,"minecraft:fire":11,"minecraft:deepslate_lapis_ore":8,"minecraft:sculk_shrieker":1,"supplementaries:stick":2,"minecraft:oak_sign":1,"minecraft:oak_wall_hanging_sign":1,"minecraft:dirt_path":22,"minecraft:spruce_slab":8,"minecraft:blackstone":2,"minecraft:torch":16,"minecraft:blast_furnace":2,"minecraft:calcite":86,"minecraft:chest":6,"minecraft:glass":7,"minecraft:nether_quartz_ore":2,"minecraft:cobblestone":23,"minecraft:wall_torch":27,"minecraft:stone_stairs":10,"minecraft:wheat":203,"epicpaladins:deepslate_cryorium_ore":11,"quark:spruce_vertical_slab":10,"minecraft:tnt":1,"minecraft:grass":343,"quark:potted_ancient_sapling":1,"minecraft:oak_log":5,"minecraft:dirt":179,"minecraft:tripwire_hook":1,"minecraft:netherrack":271,"minecraft:deepslate":43,"minecraft:nether_gold_ore":75,"minecraft:tuff":4,"minecraft:deepslate_diamond_ore":57,"minecraft:cherry_sapling":26,"minecraft:stripped_cherry_log":18,"minecraft:dark_oak_log":18,"gravestone:gravestone":12,"quark:stone_brick_vertical_slab":1,"minecraft:spruce_leaves":18,"epicpaladins:deepslate_arclight_ore":13,"minecraft:hay_block":60,"spelunkers_charm:deepslate_rock_pile_1":1,"minecraft:furnace":7,"minecraft:andesite":30,"minecraft:stripped_spruce_log":56,"minecraft:peony":1,"minecraft:bookshelf":37,"minecraft:deepslate_iron_ore":8,"minecraft:lantern":3,"minecraft:stone":391,"minecraft:oak_hanging_sign":1,"minecraft:cherry_stairs":14,"spelunkers_charm:rock_pile_1":1,"supplementaries:book_pile_horizontal":1,"minecraft:glass_pane":6,"minecraft:cherry_planks":23,"minecraft:comparator":1,"epicpaladins:deepslate_bloodstone_ore":20,"minecraft:spruce_door":14,"minecraft:dandelion":1,"minecraft:crafting_table":13,"minecraft:oak_wood":1,"minecraft:sculk_sensor":7,"minecraft:tall_grass":139,"minecraft:copper_ore":10,"biomesoplenty:sprout":1,"minecraft:deepslate_gold_ore":15,"minecraft:sculk":535,"minecraft:spruce_stairs":8,"minecraft:beehive":1,"minecraft:white_carpet":23,"minecraft:spruce_log":129,"minecraft:coal_ore":148,"minecraft:cherry_leaves":263,"minecraft:gravel":38,"minecraft:chipped_anvil":1},"minecraft:broken":{"minecraft:diamond_helmet":1,"minecraft:shears":1,"minecraft:iron_boots":1,"minecraft:iron_chestplate":1,"minecraft:iron_axe":1},"minecraft:killed_by":{"minecraft:zombie":2,"minecraft:player":5,"minecraft:warden":1},"minecraft:custom":{"minecraft:interact_with_crafting_table":90,"minecraft:open_barrel":137,"minecraft:bell_ring":9,"minecraft:leave_game":21,"minecraft:time_since_death":214461,"minecraft:sprint_one_cm":1396210,"minecraft:drop":227,"minecraft:play_time":619437,"minecraft:deaths":11,"minecraft:interact_with_brewingstand":36,"minecraft:jump":7371,"minecraft:walk_on_water_one_cm":37715,"minecraft:enchant_item":45,"minecraft:interact_with_furnace":87,"minecraft:sleep_in_bed":7,"minecraft:waystone_activated":4,"minecraft:damage_dealt":29132,"minecraft:player_kills":7,"minecraft:crouch_one_cm":105142,"minecraft:use_cauldron":10,"minecraft:interact_with_smithing_table":10,"minecraft:interact_with_anvil":58,"minecraft:mob_kills":124,"minecraft:inspect_hopper":1,"minecraft:fill_cauldron":3,"minecraft:damage_dealt_resisted":206,"minecraft:climb_one_cm":8140,"minecraft:walk_one_cm":1537087,"minecraft:damage_dealt_absorbed":80,"minecraft:sneak_time":26737,"minecraft:walk_under_water_one_cm":13759,"minecraft:interact_with_blast_furnace":27,"minecraft:total_world_time":619437,"minecraft:pot_flower":3,"minecraft:interact_with_grindstone":7,"minecraft:time_since_rest":81574,"minecraft:damage_taken":13308,"minecraft:swim_one_cm":16551,"minecraft:fly_one_cm":1876232,"minecraft:open_chest":340,"minecraft:fall_one_cm":235734},"minecraft:crafted":{"epicpaladins:arclight_sword":1,"minecraft:oak_planks":20,"securitycraft:mine":3,"minecraft:stone":492,"epicpaladins:arclight_pickaxe":1,"quark:cherry_chest":7,"epicpaladins:moonlight_shovel":1,"minecraft:diamond_helmet":2,"minecraft:diamond_leggings":1,"minecraft:iron_boots":1,"minecraft:chest":15,"minecraft:netherite_upgrade_smithing_template":2,"epicpaladins:arclight_hoe":1,"epicpaladins:moonlight_sword":1,"sophisticatedbackpacks:backpack":1,"minecraft:diamond_axe":1,"minecraft:crafting_table":7,"minecraft:spruce_planks":212,"minecraft:spruce_door":3,"minecraft:copper_ingot":88,"minecraft:spruce_trapdoor":8,"epicpaladins:moonlight_pickaxe":2,"minecraft:iron_chestplate":1,"minecraft:stick":84,"quark:oak_chest":1,"minecraft:iron_ingot":168,"minecraft:iron_pickaxe":1,"minecraft:gold_ingot":124,"minecraft:netherite_ingot":1,"minecraft:cherry_planks":116,"epicpaladins:bloodstone_shovel":1,"minecraft:coal":45,"minecraft:furnace":1,"quark:cherry_bookshelf":14,"minecraft:stone_stairs":48,"minecraft:netherite_chestplate":1,"minecraft:cherry_trapdoor":4,"minecraft:spruce_stairs":20,"epicpaladins:moonlight_template":2,"minecraft:iron_axe":1,"minecraft:cherry_stairs":36,"quark:spruce_chest":12,"minecraft:netherite_scrap":3,"minecraft:wheat":531,"sophisticatedbackpacks:iron_backpack":1,"minecraft:enchanting_table":1,"epicpaladins:moonlight_axe":1,"epicpaladins:arclight_axe":1,"sophisticatedbackpacks:gold_backpack":1,"minecraft:bucket":1,"minecraft:glowstone":10,"minecraft:bread":178,"minecraft:air":0,"securitycraft:dirt_mine":2,"justhammers:iron_hammer":4,"quark:spruce_bookshelf":1,"epicpaladins:moonlight_glaive":1,"epicpaladins:bloodstone_pickaxe":1,"minecraft:iron_leggings":1,"minecraft:torch":60},"minecraft:used":{"epicpaladins:bloodstone_pickaxe":467,"minecraft:cherry_sapling":1,"minecraft:spruce_slab":51,"minecraft:chest":26,"minecraft:stone":126,"minecraft:nether_wart":1,"minecraft:zombie_spawn_egg":1,"minecraft:iron_chestplate":1,"epicpaladins:moonlight_shovel":99,"quark:cherry_chest":8,"quark:vertical_spruce_planks":3,"minecraft:stripped_spruce_log":368,"epicpaladins:arclight_sword":521,"minecraft:obsidian":10,"minecraft:glass":104,"minecraft:grass_block":10,"minecraft:lantern":22,"epicpaladins:moonlight_axe":15,"minecraft:cherry_leaves":79,"epicpaladins:bloodstone_shovel":642,"connectedglass:borderless_glass_pane":79,"minecraft:bedrock":36,"minecraft:deepslate_diamond_ore":4,"epicpaladins:arclight_hoe":601,"spelunkers_charm:geode":1,"minecraft:furnace":16,"epicpaladins:moonlight_sword":95,"minecraft:diamond_boots":6,"minecraft:spruce_door":39,"minecraft:oak_planks":15,"minecraft:blackstone":8,"minecraft:diamond_axe":88,"minecraft:blast_furnace":5,"epicpaladins:moonlight_pickaxe":824,"epicpaladins:arclight_axe":898,"minecraft:shears":238,"waystones:waystone":2,"minecraft:cherry_hanging_sign":2,"minecraft:bread":194,"epicpaladins:moonlight_glaive":3,"securitycraft:mine":2,"spelunkers_charm:candle_helmet":1,"minecraft:grindstone":1,"minecraft:smithing_table":1,"justhammers:diamond_reinforced_impact_hammer":457,"minecraft:stripped_cherry_log":140,"quark:stone_brick_vertical_slab":4,"minecraft:oak_hanging_sign":3,"minecraft:oak_fence":23,"minecraft:enchanting_table":1,"minecraft:flint_and_steel":8,"minecraft:spruce_planks":203,"minecraft:netherrack":129,"minecraft:oak_door":1,"minecraft:stick":3,"minecraft:torch":87,"minecraft:brewing_stand":4,"minecraft:dirt":376,"minecraft:anvil":2,"minecraft:white_carpet":31,"minecraft:hopper":12,"minecraft:spruce_stairs":136,"minecraft:stone_stairs":65,"minecraft:diamond_helmet":5,"quark:cherry_bookshelf":87,"minecraft:pink_dye":1,"minecraft:oak_fence_gate":4,"minecraft:chipped_anvil":1,"minecraft:iron_axe":144,"minecraft:cherry_slab":104,"minecraft:cherry_trapdoor":7,"minecraft:iron_boots":1,"connectedglass:borderless_glass":98,"minecraft:barrel":13,"quark:spruce_vertical_slab":32,"minecraft:diamond_chestplate":1,"minecraft:glowstone":4,"torchmaster:feral_flare_lantern":1,"securitycraft:dirt_mine":2,"securitycraft:reinforced_glass":1,"spelunkers_charm:mining_helmet":1,"torchmaster:megatorch":3,"minecraft:pointed_dripstone":1,"minecraft:cobbled_deepslate":26,"minecraft:cherry_log":244,"minecraft:iron_leggings":1,"minecraft:calcite":9,"minecraft:wheat_seeds":30,"minecraft:water_bucket":41,"minecraft:glass_bottle":10,"minecraft:netherite_chestplate":1,"minecraft:cherry_planks":164,"minecraft:cauldron":2,"minecraft:glow_ink_sac":1,"connectedglass:clear_glass":80,"minecraft:comparator":1,"minecraft:crafting_table":17,"minecraft:white_bed":14,"minecraft:painting":10,"minecraft:spruce_log":208,"minecraft:book":1,"justhammers:iron_hammer":611,"quark:stripped_spruce_post":21,"minecraft:flower_pot":3,"minecraft:apple":8,"minecraft:iron_pickaxe":45,"minecraft:spruce_trapdoor":173,"quark:flamerang":51,"minecraft:pink_bed":2,"minecraft:cobblestone":251,"minecraft:cherry_stairs":53,"minecraft:bucket":34,"minecraft:glass_pane":69,"minecraft:sea_pickle":2,"minecraft:diamond_leggings":4,"minecraft:splash_potion":6}},"DataVersion":3465}