{"stats":{"minecraft:dropped":{"minecraft:gold_ore":5,"minecraft:spruce_sign":1,"minecraft:brown_mushroom":1,"minecraft:diamond_axe":1,"minecraft:baked_potato":3,"minecraft:crafting_table":2,"minecraft:glow_berries":4,"minecraft:dirt":52,"gravestone:obituary":6,"minecraft:iron_pickaxe":2,"minecraft:music_disc_stal":1,"minecraft:gold_ingot":2,"epicpaladins:arclight_sword":1,"minecraft:white_tulip":2,"minecraft:cherry_stairs":1,"minecraft:pink_bed":1,"minecraft:cobbled_deepslate":5,"minecraft:cherry_sapling":5,"minecraft:rotten_flesh":25,"minecraft:white_bed":1,"supplementaries:antique_ink":3,"minecraft:chest":1,"epicpaladins:arclight_pickaxe":2,"minecraft:iron_ore":320,"minecraft:water_bucket":2,"minecraft:iron_ingot":117,"minecraft:bread":106,"minecraft:wheat_seeds":1111,"minecraft:chainmail_helmet":1,"spelunkers_charm:deepslate_rock":2,"minecraft:golden_apple":3,"minecraft:stick":13,"minecraft:cherry_planks":90,"minecraft:diamond_helmet":1,"minecraft:iron_leggings":2,"minecraft:iron_axe":1,"minecraft:chipped_anvil":1,"minecraft:string":2,"minecraft:pink_petals":8,"minecraft:spruce_sapling":1,"minecraft:dandelion":2,"minecraft:raw_copper":16,"minecraft:raw_iron":14,"epicpaladins:bloodstone_gem":9,"minecraft:diamond_chestplate":1,"minecraft:andesite":2,"minecraft:bamboo":6,"minecraft:diamond_boots":2},"minecraft:picked_up":{"minecraft:wheat":832,"minecraft:flower_pot":1,"minecraft:enchanted_book":3,"minecraft:potion":1,"epicpaladins:arclight_hoe":1,"minecraft:string":2,"minecraft:raw_copper":16,"minecraft:oak_hanging_sign":2,"minecraft:iron_leggings":1,"epicpaladins:bloodstone_gem":15,"minecraft:oak_sign":1,"minecraft:sea_pickle":2,"minecraft:cobbled_deepslate":9,"minecraft:comparator":1,"minecraft:spruce_planks":5,"minecraft:white_tulip":2,"minecraft:calcite":126,"minecraft:iron_pickaxe":2,"minecraft:coal_block":5,"minecraft:furnace":10,"minecraft:stick":10,"epicpaladins:arclight_gem":8,"quark:cherry_chest":4,"minecraft:torch":22,"minecraft:spruce_stairs":8,"minecraft:cherry_log":57,"quark:spruce_vertical_slab":12,"quark:ancient_tome":4,"epicpaladins:cryorium_gem":9,"quark:clear_shard":20,"minecraft:rotten_flesh":33,"supplementaries:antique_ink":6,"minecraft:cobblestone":27,"minecraft:pink_petals":14,"minecraft:cherry_planks":57,"minecraft:cherry_leaves":50,"minecraft:andesite":3,"minecraft:lantern":7,"minecraft:dirt":576,"minecraft:name_tag":4,"minecraft:bone":8,"minecraft:chipped_anvil":2,"minecraft:wheat_seeds":1695,"minecraft:raw_gold":16,"minecraft:bamboo":6,"securitycraft:mine":3,"minecraft:stripped_spruce_log":50,"epicpaladins:arclight_sword":1,"minecraft:dark_oak_log":18,"minecraft:diamond":24,"waystones:waystone":1,"minecraft:emerald":14,"minecraft:spruce_sign":1,"minecraft:bread":43,"minecraft:chainmail_helmet":1,"minecraft:crafting_table":12,"minecraft:brown_mushroom":1,"spelunkers_charm:deepslate_rock":3,"quark:ancient_sapling":1,"minecraft:stripped_cherry_log":16,"gravestone:obituary":3,"minecraft:cornflower":1,"minecraft:iron_axe":1,"minecraft:white_carpet":23,"minecraft:beef":7,"minecraft:poppy":1,"minecraft:spruce_slab":9,"minecraft:chest":11,"supplementaries:rope":7,"minecraft:spruce_trapdoor":9,"minecraft:cherry_trapdoor":3,"minecraft:raw_iron":5,"minecraft:cherry_stairs":14,"ecologics:coconut_slice":2,"minecraft:tnt":3,"minecraft:arrow":2,"minecraft:hay_block":58,"minecraft:diamond_boots":1,"minecraft:gold_ingot":23,"minecraft:glow_berries":6,"minecraft:leather":13,"minecraft:music_disc_stal":2,"minecraft:red_mushroom":1,"minecraft:oak_log":5,"securitycraft:reinforced_glass":1,"epicpaladins:arclight_pickaxe":1,"minecraft:rabbit_hide":16,"minecraft:iron_ingot":185,"minecraft:iron_ore":256,"minecraft:book":111,"minecraft:pink_bed":1,"minecraft:dandelion":7,"minecraft:spruce_sapling":2,"minecraft:blast_furnace":2,"minecraft:white_bed":14,"minecraft:spruce_log":130,"minecraft:spruce_door":14,"minecraft:diamond_axe":1,"minecraft:painting":7,"minecraft:cherry_sapling":30,"minecraft:mossy_cobblestone_stairs":1,"minecraft:baked_potato":19,"minecraft:coal":187},"minecraft:broken":{"minecraft:shears":1,"minecraft:iron_boots":1,"minecraft:iron_chestplate":1,"minecraft:iron_axe":1},"minecraft:mined":{"securitycraft:mine":2,"minecraft:white_bed":14,"minecraft:spruce_planks":5,"quark:cherry_chest":2,"minecraft:pink_bed":1,"minecraft:cherry_log":60,"minecraft:sculk_vein":74,"minecraft:spruce_trapdoor":9,"minecraft:cherry_trapdoor":3,"minecraft:grass_block":354,"minecraft:coal_block":5,"minecraft:sculk_catalyst":5,"minecraft:iron_ore":2,"minecraft:fire":2,"minecraft:sculk_shrieker":1,"supplementaries:stick":2,"minecraft:oak_sign":1,"minecraft:oak_wall_hanging_sign":1,"minecraft:dirt_path":22,"minecraft:spruce_slab":8,"minecraft:torch":10,"minecraft:blast_furnace":2,"minecraft:calcite":86,"minecraft:chest":6,"minecraft:glass":7,"minecraft:wall_torch":14,"minecraft:wheat":195,"epicpaladins:deepslate_cryorium_ore":4,"quark:spruce_vertical_slab":10,"minecraft:tnt":1,"minecraft:grass":341,"quark:potted_ancient_sapling":1,"minecraft:oak_log":5,"minecraft:dirt":112,"minecraft:tripwire_hook":1,"minecraft:deepslate":6,"minecraft:deepslate_diamond_ore":9,"minecraft:stripped_cherry_log":16,"minecraft:cherry_sapling":26,"minecraft:dark_oak_log":18,"gravestone:gravestone":10,"minecraft:spruce_leaves":18,"epicpaladins:deepslate_arclight_ore":7,"minecraft:hay_block":60,"spelunkers_charm:deepslate_rock_pile_1":1,"minecraft:furnace":7,"minecraft:andesite":1,"minecraft:stripped_spruce_log":53,"minecraft:peony":1,"minecraft:bookshelf":37,"minecraft:lantern":2,"minecraft:stone":36,"minecraft:oak_hanging_sign":1,"minecraft:cherry_stairs":14,"spelunkers_charm:rock_pile_1":1,"minecraft:glass_pane":6,"minecraft:cherry_planks":17,"minecraft:comparator":1,"epicpaladins:deepslate_bloodstone_ore":9,"minecraft:spruce_door":14,"minecraft:dandelion":1,"minecraft:crafting_table":12,"minecraft:oak_wood":1,"minecraft:sculk_sensor":7,"minecraft:tall_grass":137,"minecraft:sculk":535,"minecraft:spruce_stairs":8,"minecraft:beehive":1,"minecraft:white_carpet":23,"minecraft:spruce_log":129,"minecraft:coal_ore":5,"minecraft:cherry_leaves":259,"minecraft:chipped_anvil":1},"minecraft:crafted":{"epicpaladins:arclight_sword":1,"securitycraft:mine":3,"minecraft:oak_planks":20,"epicpaladins:arclight_pickaxe":1,"quark:cherry_chest":7,"minecraft:iron_boots":1,"minecraft:diamond_leggings":1,"minecraft:diamond_helmet":1,"minecraft:chest":9,"epicpaladins:arclight_hoe":1,"sophisticatedbackpacks:backpack":1,"minecraft:diamond_axe":1,"minecraft:crafting_table":6,"minecraft:spruce_planks":212,"minecraft:spruce_door":3,"minecraft:spruce_trapdoor":8,"minecraft:iron_chestplate":1,"minecraft:stick":28,"quark:oak_chest":1,"minecraft:iron_pickaxe":1,"minecraft:cherry_planks":108,"epicpaladins:bloodstone_shovel":1,"minecraft:furnace":1,"minecraft:cherry_trapdoor":4,"minecraft:spruce_stairs":20,"minecraft:iron_axe":1,"minecraft:cherry_stairs":36,"quark:spruce_chest":6,"sophisticatedbackpacks:iron_backpack":1,"minecraft:wheat":531,"epicpaladins:arclight_axe":1,"minecraft:bucket":1,"minecraft:bread":157,"securitycraft:dirt_mine":2,"epicpaladins:bloodstone_pickaxe":1,"minecraft:iron_leggings":1,"minecraft:torch":60},"minecraft:used":{"epicpaladins:bloodstone_pickaxe":152,"minecraft:cherry_sapling":1,"minecraft:spruce_slab":15,"minecraft:chest":17,"minecraft:stone":36,"minecraft:iron_chestplate":1,"quark:cherry_chest":8,"quark:vertical_spruce_planks":3,"minecraft:stripped_spruce_log":320,"epicpaladins:arclight_sword":454,"minecraft:glass":104,"minecraft:lantern":20,"minecraft:grass_block":10,"minecraft:cherry_leaves":64,"epicpaladins:bloodstone_shovel":642,"connectedglass:borderless_glass_pane":62,"epicpaladins:arclight_hoe":601,"minecraft:furnace":16,"minecraft:spruce_door":39,"minecraft:oak_planks":15,"minecraft:diamond_axe":88,"minecraft:blast_furnace":5,"epicpaladins:arclight_axe":893,"minecraft:shears":238,"waystones:waystone":2,"minecraft:bread":107,"securitycraft:mine":2,"minecraft:stripped_cherry_log":139,"minecraft:oak_hanging_sign":3,"minecraft:oak_fence":20,"minecraft:spruce_planks":203,"minecraft:torch":39,"minecraft:stick":3,"minecraft:dirt":335,"minecraft:white_carpet":31,"minecraft:spruce_stairs":118,"minecraft:stone_stairs":4,"minecraft:diamond_helmet":1,"minecraft:oak_fence_gate":4,"minecraft:chipped_anvil":1,"minecraft:iron_axe":144,"minecraft:cherry_slab":104,"minecraft:cherry_trapdoor":7,"minecraft:iron_boots":1,"connectedglass:borderless_glass":98,"minecraft:barrel":4,"quark:spruce_vertical_slab":30,"torchmaster:feral_flare_lantern":1,"securitycraft:dirt_mine":2,"securitycraft:reinforced_glass":1,"torchmaster:megatorch":3,"minecraft:cobbled_deepslate":4,"minecraft:cherry_log":244,"minecraft:iron_leggings":1,"minecraft:calcite":9,"minecraft:wheat_seeds":30,"minecraft:water_bucket":33,"minecraft:cherry_planks":164,"connectedglass:clear_glass":18,"minecraft:comparator":1,"minecraft:crafting_table":15,"minecraft:white_bed":14,"minecraft:painting":10,"minecraft:spruce_log":208,"quark:stripped_spruce_post":4,"minecraft:flower_pot":3,"minecraft:apple":8,"minecraft:iron_pickaxe":45,"minecraft:spruce_trapdoor":159,"minecraft:pink_bed":1,"minecraft:cobblestone":9,"minecraft:cherry_stairs":53,"minecraft:bucket":34,"minecraft:glass_pane":69,"minecraft:sea_pickle":2,"minecraft:diamond_leggings":1},"minecraft:custom":{"minecraft:interact_with_crafting_table":55,"minecraft:open_barrel":57,"minecraft:bell_ring":9,"minecraft:leave_game":10,"minecraft:time_since_death":37251,"minecraft:sprint_one_cm":905587,"minecraft:drop":133,"minecraft:play_time":316406,"minecraft:deaths":9,"minecraft:jump":5277,"minecraft:walk_on_water_one_cm":32555,"minecraft:interact_with_furnace":12,"minecraft:sleep_in_bed":4,"minecraft:waystone_activated":3,"minecraft:damage_dealt":19535,"minecraft:player_kills":6,"minecraft:crouch_one_cm":95204,"minecraft:mob_kills":70,"minecraft:interact_with_anvil":5,"minecraft:climb_one_cm":8092,"minecraft:walk_one_cm":921398,"minecraft:damage_dealt_absorbed":80,"minecraft:sneak_time":22428,"minecraft:walk_under_water_one_cm":10076,"minecraft:interact_with_blast_furnace":1,"minecraft:total_world_time":316406,"minecraft:pot_flower":3,"minecraft:time_since_rest":37279,"minecraft:damage_taken":9272,"minecraft:swim_one_cm":15314,"minecraft:fly_one_cm":1162175,"minecraft:open_chest":119,"minecraft:fall_one_cm":172510},"minecraft:killed_by":{"minecraft:zombie":2,"minecraft:player":4,"minecraft:warden":1},"minecraft:killed":{"minecraft:cave_spider":3,"minecraft:spider":1,"minecraft:skeleton":6,"minecraft:zombie_villager":2,"minecraft:zombie":39,"takesapillage:archer":1,"minecraft:cow":5,"quark:toretoise":2,"minecraft:slime":1,"minecraft:horse":9}},"DataVersion":3465}