{"stats":{"minecraft:mined":{"minecraft:deepslate_diamond_ore":5,"minecraft:cherry_log":16,"minecraft:crafting_table":5,"minecraft:torch":2,"gravestone:gravestone":1,"minecraft:oak_wood":1,"minecraft:grass_block":1,"minecraft:tall_grass":15,"minecraft:wall_torch":4,"epicpaladins:deepslate_arclight_ore":2,"minecraft:hay_block":11,"minecraft:iron_ore":2,"minecraft:peony":1,"minecraft:grass":26,"minecraft:coal_ore":4,"minecraft:cherry_leaves":1,"minecraft:stone":19,"spelunkers_charm:rock_pile_1":1,"minecraft:deepslate":5},"minecraft:killed":{"minecraft:cave_spider":3,"minecraft:zombie_villager":2,"minecraft:slime":1,"minecraft:skeleton":3,"minecraft:zombie":22},"minecraft:dropped":{"minecraft:gold_ore":5,"minecraft:iron_ingot":117,"minecraft:bread":34,"minecraft:white_tulip":2,"minecraft:brown_mushroom":1,"minecraft:wheat_seeds":8,"minecraft:crafting_table":1,"minecraft:raw_iron":14,"minecraft:glow_berries":4,"minecraft:chainmail_helmet":1,"minecraft:golden_apple":3,"minecraft:dirt":1,"minecraft:diamond_chestplate":1,"minecraft:diamond_helmet":1,"minecraft:iron_leggings":2,"gravestone:obituary":2,"minecraft:diamond_boots":2,"minecraft:iron_ore":320,"minecraft:iron_axe":1,"minecraft:iron_pickaxe":2,"minecraft:chipped_anvil":1,"minecraft:dandelion":2},"minecraft:crafted":{"epicpaladins:arclight_sword":1,"minecraft:cherry_planks":28,"minecraft:diamond_axe":1,"minecraft:crafting_table":1,"minecraft:bread":30,"minecraft:diamond_helmet":1,"minecraft:iron_boots":1,"minecraft:iron_chestplate":1,"minecraft:iron_axe":1,"minecraft:stick":20,"minecraft:iron_pickaxe":1,"minecraft:iron_leggings":1,"minecraft:wheat":90},"minecraft:picked_up":{"minecraft:crafting_table":5,"minecraft:andesite":2,"minecraft:brown_mushroom":1,"minecraft:music_disc_stal":1,"minecraft:red_mushroom":1,"gravestone:obituary":1,"minecraft:string":2,"minecraft:lantern":1,"minecraft:raw_copper":16,"minecraft:iron_axe":1,"minecraft:iron_leggings":1,"minecraft:bone":7,"minecraft:chipped_anvil":1,"minecraft:sea_pickle":2,"minecraft:wheat_seeds":6,"minecraft:cobbled_deepslate":5,"minecraft:raw_gold":16,"minecraft:rabbit_hide":8,"minecraft:iron_ingot":64,"minecraft:white_tulip":2,"minecraft:iron_ore":256,"minecraft:raw_iron":5,"epicpaladins:arclight_gem":2,"minecraft:torch":4,"minecraft:dandelion":2,"minecraft:cherry_log":16,"minecraft:tnt":1,"minecraft:rotten_flesh":23,"minecraft:diamond":11,"supplementaries:antique_ink":3,"minecraft:diamond_boots":1,"minecraft:hay_block":10,"minecraft:bread":26,"minecraft:spruce_sign":1,"minecraft:chainmail_helmet":1,"minecraft:glow_berries":5,"minecraft:coal":50,"minecraft:cobblestone":8},"minecraft:custom":{"minecraft:mob_kills":32,"minecraft:interact_with_crafting_table":7,"minecraft:open_barrel":25,"minecraft:leave_game":4,"minecraft:time_since_death":34953,"minecraft:climb_one_cm":2888,"minecraft:time_since_rest":34975,"minecraft:sprint_one_cm":90114,"minecraft:damage_taken":1188,"minecraft:walk_one_cm":88217,"minecraft:drop":50,"minecraft:damage_dealt":6663,"minecraft:damage_dealt_absorbed":80,"minecraft:swim_one_cm":3002,"minecraft:fly_one_cm":186794,"minecraft:player_kills":1,"minecraft:open_chest":3,"minecraft:crouch_one_cm":1888,"minecraft:play_time":36457,"minecraft:deaths":1,"minecraft:sneak_time":370,"minecraft:walk_under_water_one_cm":1444,"minecraft:jump":945,"minecraft:walk_on_water_one_cm":3298,"minecraft:total_world_time":36457,"minecraft:fall_one_cm":28202},"minecraft:used":{"minecraft:cherry_planks":14,"minecraft:diamond_axe":61,"minecraft:iron_chestplate":1,"minecraft:torch":13,"minecraft:crafting_table":6,"minecraft:diamond_helmet":1,"minecraft:bread":25,"minecraft:iron_axe":144,"minecraft:grass_block":2,"minecraft:iron_pickaxe":39,"minecraft:iron_boots":1,"minecraft:cobblestone":8,"minecraft:sea_pickle":2,"minecraft:cobbled_deepslate":4,"minecraft:iron_leggings":1},"minecraft:broken":{"minecraft:iron_axe":1}},"DataVersion":3465}