{"stats":{"minecraft:killed":{"minecraft:cave_spider":3,"quark:toretoise":2,"minecraft:slime":1,"minecraft:skeleton":3,"minecraft:horse":4,"minecraft:zombie_villager":2,"minecraft:zombie":27,"minecraft:cow":2},"minecraft:mined":{"minecraft:white_bed":4,"minecraft:deepslate_diamond_ore":9,"minecraft:cherry_log":29,"minecraft:sculk_vein":74,"gravestone:gravestone":3,"minecraft:grass_block":1,"epicpaladins:deepslate_arclight_ore":7,"minecraft:hay_block":27,"spelunkers_charm:deepslate_rock_pile_1":1,"minecraft:sculk_catalyst":5,"minecraft:furnace":2,"minecraft:iron_ore":2,"minecraft:peony":1,"minecraft:sculk_shrieker":1,"minecraft:stone":36,"spelunkers_charm:rock_pile_1":1,"minecraft:cherry_planks":1,"epicpaladins:deepslate_bloodstone_ore":9,"minecraft:crafting_table":8,"minecraft:torch":5,"minecraft:oak_wood":1,"minecraft:calcite":70,"minecraft:sculk_sensor":7,"minecraft:tall_grass":44,"minecraft:sculk":535,"minecraft:wall_torch":8,"epicpaladins:deepslate_cryorium_ore":4,"minecraft:grass":91,"minecraft:coal_ore":4,"minecraft:cherry_leaves":5,"minecraft:deepslate":6},"minecraft:dropped":{"minecraft:gold_ore":5,"minecraft:spruce_sign":1,"minecraft:iron_ingot":117,"minecraft:bread":101,"minecraft:brown_mushroom":1,"minecraft:wheat_seeds":8,"minecraft:baked_potato":3,"minecraft:crafting_table":2,"minecraft:glow_berries":4,"minecraft:chainmail_helmet":1,"spelunkers_charm:deepslate_rock":2,"minecraft:golden_apple":3,"minecraft:stick":11,"minecraft:dirt":1,"minecraft:cherry_planks":90,"minecraft:diamond_helmet":1,"minecraft:iron_leggings":2,"gravestone:obituary":4,"minecraft:iron_axe":1,"minecraft:chipped_anvil":1,"minecraft:iron_pickaxe":2,"minecraft:string":2,"minecraft:music_disc_stal":1,"minecraft:dandelion":2,"minecraft:gold_ingot":2,"minecraft:white_tulip":2,"minecraft:cobbled_deepslate":5,"minecraft:raw_copper":16,"minecraft:raw_iron":14,"epicpaladins:bloodstone_gem":9,"minecraft:rotten_flesh":25,"supplementaries:antique_ink":3,"minecraft:diamond_chestplate":1,"minecraft:andesite":2,"epicpaladins:arclight_pickaxe":1,"minecraft:diamond_boots":2,"minecraft:iron_ore":320},"minecraft:crafted":{"epicpaladins:arclight_sword":1,"minecraft:cherry_planks":108,"minecraft:furnace":1,"epicpaladins:arclight_pickaxe":1,"quark:cherry_chest":3,"minecraft:diamond_leggings":1,"minecraft:diamond_helmet":1,"minecraft:iron_boots":1,"minecraft:iron_axe":1,"minecraft:chest":3,"minecraft:wheat":234,"epicpaladins:arclight_hoe":1,"minecraft:diamond_axe":1,"minecraft:crafting_table":2,"minecraft:bread":52,"minecraft:iron_chestplate":1,"epicpaladins:bloodstone_pickaxe":1,"minecraft:stick":24,"minecraft:iron_pickaxe":1,"minecraft:iron_leggings":1},"minecraft:picked_up":{"minecraft:crafting_table":8,"minecraft:wheat":22,"minecraft:brown_mushroom":1,"spelunkers_charm:deepslate_rock":2,"gravestone:obituary":2,"minecraft:string":2,"minecraft:raw_copper":16,"minecraft:iron_axe":1,"minecraft:iron_leggings":1,"epicpaladins:bloodstone_gem":15,"minecraft:sea_pickle":2,"minecraft:cobbled_deepslate":9,"minecraft:beef":3,"minecraft:white_tulip":2,"minecraft:calcite":67,"minecraft:furnace":2,"minecraft:raw_iron":5,"epicpaladins:arclight_gem":7,"minecraft:torch":8,"minecraft:cherry_log":29,"minecraft:tnt":1,"epicpaladins:cryorium_gem":4,"minecraft:rotten_flesh":26,"supplementaries:antique_ink":3,"minecraft:diamond_boots":1,"minecraft:hay_block":26,"minecraft:glow_berries":5,"minecraft:cobblestone":25,"minecraft:cherry_planks":42,"minecraft:andesite":2,"minecraft:leather":5,"minecraft:music_disc_stal":1,"minecraft:red_mushroom":1,"minecraft:lantern":1,"minecraft:bone":7,"minecraft:chipped_anvil":1,"minecraft:wheat_seeds":56,"minecraft:raw_gold":16,"minecraft:rabbit_hide":8,"minecraft:iron_ingot":64,"minecraft:iron_ore":256,"minecraft:dandelion":2,"minecraft:white_bed":4,"minecraft:diamond":15,"minecraft:bread":42,"minecraft:spruce_sign":1,"minecraft:chainmail_helmet":1,"minecraft:coal":50},"minecraft:killed_by":{"minecraft:warden":1},"minecraft:custom":{"minecraft:mob_kills":45,"minecraft:interact_with_crafting_table":19,"minecraft:open_barrel":36,"minecraft:leave_game":6,"minecraft:time_since_death":14808,"minecraft:climb_one_cm":3948,"minecraft:sprint_one_cm":205478,"minecraft:walk_one_cm":163349,"minecraft:drop":86,"minecraft:damage_dealt_absorbed":80,"minecraft:play_time":78047,"minecraft:deaths":2,"minecraft:sneak_time":10611,"minecraft:walk_under_water_one_cm":1533,"minecraft:jump":1885,"minecraft:walk_on_water_one_cm":5112,"minecraft:total_world_time":78047,"minecraft:interact_with_furnace":2,"minecraft:time_since_rest":14833,"minecraft:damage_taken":2588,"minecraft:damage_dealt":9567,"minecraft:swim_one_cm":3255,"minecraft:fly_one_cm":452760,"minecraft:player_kills":1,"minecraft:open_chest":15,"minecraft:crouch_one_cm":57376,"minecraft:fall_one_cm":67151},"minecraft:used":{"epicpaladins:bloodstone_pickaxe":107,"minecraft:chest":2,"minecraft:iron_chestplate":1,"minecraft:torch":23,"minecraft:diamond_helmet":1,"epicpaladins:arclight_sword":60,"minecraft:iron_axe":144,"minecraft:grass_block":2,"minecraft:iron_boots":1,"epicpaladins:arclight_hoe":601,"minecraft:furnace":1,"minecraft:cobbled_deepslate":4,"minecraft:iron_leggings":1,"minecraft:cherry_planks":24,"minecraft:diamond_axe":82,"minecraft:crafting_table":9,"minecraft:white_bed":4,"minecraft:bread":42,"minecraft:iron_pickaxe":45,"minecraft:cobblestone":8,"minecraft:sea_pickle":2,"minecraft:diamond_leggings":1},"minecraft:broken":{"minecraft:iron_axe":1}},"DataVersion":3465}