{"stats":{"minecraft:killed":{"minecraft:cave_spider":3,"minecraft:zombie_villager":2,"quark:toretoise":2,"minecraft:slime":1,"minecraft:skeleton":3,"minecraft:zombie":27},"minecraft:mined":{"minecraft:cherry_planks":1,"minecraft:deepslate_diamond_ore":9,"epicpaladins:deepslate_bloodstone_ore":9,"minecraft:sculk_vein":44,"minecraft:cherry_log":16,"minecraft:crafting_table":7,"minecraft:torch":5,"gravestone:gravestone":1,"minecraft:oak_wood":1,"minecraft:grass_block":1,"minecraft:sculk_sensor":7,"minecraft:tall_grass":15,"minecraft:sculk":452,"minecraft:wall_torch":8,"epicpaladins:deepslate_arclight_ore":7,"minecraft:hay_block":11,"spelunkers_charm:deepslate_rock_pile_1":1,"minecraft:sculk_catalyst":4,"minecraft:furnace":2,"minecraft:iron_ore":2,"epicpaladins:deepslate_cryorium_ore":4,"minecraft:peony":1,"minecraft:sculk_shrieker":1,"minecraft:grass":26,"minecraft:coal_ore":4,"minecraft:cherry_leaves":1,"minecraft:stone":19,"spelunkers_charm:rock_pile_1":1,"minecraft:deepslate":6},"minecraft:dropped":{"minecraft:iron_ingot":117,"minecraft:spruce_sign":1,"minecraft:gold_ore":5,"minecraft:bread":101,"minecraft:white_tulip":2,"minecraft:brown_mushroom":1,"minecraft:wheat_seeds":8,"minecraft:baked_potato":3,"minecraft:cobbled_deepslate":5,"minecraft:raw_copper":16,"minecraft:crafting_table":2,"minecraft:raw_iron":14,"epicpaladins:bloodstone_gem":9,"minecraft:rotten_flesh":25,"minecraft:glow_berries":4,"minecraft:chainmail_helmet":1,"spelunkers_charm:deepslate_rock":2,"minecraft:golden_apple":3,"supplementaries:antique_ink":3,"minecraft:stick":11,"minecraft:dirt":1,"minecraft:diamond_chestplate":1,"minecraft:andesite":2,"minecraft:cherry_planks":8,"minecraft:diamond_helmet":1,"minecraft:iron_leggings":2,"epicpaladins:arclight_pickaxe":1,"gravestone:obituary":2,"minecraft:diamond_boots":2,"minecraft:iron_ore":320,"minecraft:iron_axe":1,"minecraft:iron_pickaxe":2,"minecraft:chipped_anvil":1,"minecraft:string":2,"minecraft:music_disc_stal":1,"minecraft:dandelion":2,"minecraft:gold_ingot":2},"minecraft:crafted":{"minecraft:cherry_planks":56,"epicpaladins:arclight_sword":1,"minecraft:diamond_axe":1,"minecraft:crafting_table":2,"epicpaladins:arclight_pickaxe":1,"minecraft:bread":30,"minecraft:diamond_helmet":1,"minecraft:iron_chestplate":1,"minecraft:iron_boots":1,"minecraft:iron_axe":1,"epicpaladins:bloodstone_pickaxe":1,"minecraft:stick":24,"minecraft:iron_pickaxe":1,"minecraft:iron_leggings":1,"epicpaladins:arclight_hoe":1,"minecraft:wheat":90},"minecraft:picked_up":{"minecraft:crafting_table":7,"minecraft:cherry_planks":1,"minecraft:andesite":2,"minecraft:brown_mushroom":1,"minecraft:music_disc_stal":1,"minecraft:red_mushroom":1,"spelunkers_charm:deepslate_rock":2,"gravestone:obituary":1,"minecraft:string":2,"minecraft:lantern":1,"minecraft:raw_copper":16,"minecraft:iron_axe":1,"minecraft:iron_leggings":1,"epicpaladins:bloodstone_gem":15,"minecraft:bone":7,"minecraft:chipped_anvil":1,"minecraft:sea_pickle":2,"minecraft:wheat_seeds":6,"minecraft:cobbled_deepslate":9,"minecraft:raw_gold":16,"minecraft:rabbit_hide":8,"minecraft:iron_ingot":64,"minecraft:white_tulip":2,"minecraft:iron_ore":256,"minecraft:furnace":2,"minecraft:raw_iron":5,"epicpaladins:arclight_gem":7,"minecraft:torch":8,"minecraft:dandelion":2,"minecraft:cherry_log":16,"minecraft:tnt":1,"minecraft:rotten_flesh":26,"epicpaladins:cryorium_gem":4,"minecraft:diamond":15,"minecraft:diamond_boots":1,"minecraft:hay_block":10,"supplementaries:antique_ink":3,"minecraft:spruce_sign":1,"minecraft:chainmail_helmet":1,"minecraft:bread":42,"minecraft:glow_berries":5,"minecraft:coal":50,"minecraft:cobblestone":8},"minecraft:custom":{"minecraft:mob_kills":39,"minecraft:interact_with_crafting_table":10,"minecraft:open_barrel":36,"minecraft:leave_game":5,"minecraft:time_since_death":57052,"minecraft:climb_one_cm":3948,"minecraft:time_since_rest":57074,"minecraft:sprint_one_cm":138946,"minecraft:damage_taken":1758,"minecraft:walk_one_cm":132716,"minecraft:drop":82,"minecraft:damage_dealt":8312,"minecraft:damage_dealt_absorbed":80,"minecraft:player_kills":1,"minecraft:swim_one_cm":3002,"minecraft:fly_one_cm":282254,"minecraft:crouch_one_cm":45840,"minecraft:open_chest":3,"minecraft:play_time":58556,"minecraft:deaths":1,"minecraft:sneak_time":8390,"minecraft:walk_under_water_one_cm":1444,"minecraft:jump":1330,"minecraft:walk_on_water_one_cm":4108,"minecraft:total_world_time":58556,"minecraft:fall_one_cm":41202},"minecraft:used":{"minecraft:cherry_planks":22,"minecraft:diamond_axe":64,"minecraft:iron_chestplate":1,"minecraft:torch":22,"minecraft:crafting_table":7,"minecraft:diamond_helmet":1,"epicpaladins:arclight_sword":29,"minecraft:bread":37,"minecraft:grass_block":2,"minecraft:iron_axe":144,"minecraft:iron_pickaxe":45,"minecraft:iron_boots":1,"minecraft:cobblestone":8,"epicpaladins:arclight_hoe":480,"minecraft:sea_pickle":2,"minecraft:cobbled_deepslate":4,"minecraft:iron_leggings":1,"epicpaladins:bloodstone_pickaxe":19},"minecraft:broken":{"minecraft:iron_axe":1}},"DataVersion":3465}