{"stats":{"minecraft:crafted":{"epicpaladins:arclight_sword":1,"minecraft:cherry_planks":108,"epicpaladins:bloodstone_shovel":1,"minecraft:furnace":1,"epicpaladins:arclight_pickaxe":1,"quark:cherry_chest":7,"minecraft:cherry_trapdoor":4,"minecraft:spruce_stairs":16,"minecraft:diamond_helmet":1,"minecraft:diamond_leggings":1,"minecraft:iron_boots":1,"minecraft:iron_axe":1,"minecraft:cherry_stairs":32,"minecraft:chest":3,"minecraft:wheat":234,"epicpaladins:arclight_hoe":1,"minecraft:diamond_axe":1,"minecraft:crafting_table":2,"minecraft:spruce_planks":192,"minecraft:spruce_door":3,"epicpaladins:arclight_axe":1,"minecraft:bucket":1,"minecraft:bread":85,"minecraft:spruce_trapdoor":8,"minecraft:iron_chestplate":1,"epicpaladins:bloodstone_pickaxe":1,"minecraft:stick":28,"minecraft:iron_pickaxe":1,"minecraft:iron_leggings":1,"minecraft:torch":60},"minecraft:killed":{"minecraft:cave_spider":3,"quark:toretoise":2,"minecraft:slime":1,"minecraft:skeleton":4,"minecraft:horse":4,"minecraft:zombie_villager":2,"minecraft:zombie":30,"minecraft:cow":2},"minecraft:killed_by":{"minecraft:player":3,"minecraft:warden":1,"minecraft:zombie":2},"minecraft:mined":{"minecraft:spruce_planks":1,"minecraft:white_bed":9,"quark:cherry_chest":2,"minecraft:deepslate_diamond_ore":9,"minecraft:sculk_vein":74,"minecraft:cherry_log":60,"minecraft:cherry_sapling":26,"minecraft:stripped_cherry_log":16,"minecraft:dark_oak_log":18,"minecraft:cherry_trapdoor":3,"minecraft:spruce_trapdoor":7,"gravestone:gravestone":9,"minecraft:grass_block":351,"minecraft:spruce_leaves":18,"epicpaladins:deepslate_arclight_ore":7,"minecraft:hay_block":27,"spelunkers_charm:deepslate_rock_pile_1":1,"minecraft:sculk_catalyst":5,"minecraft:furnace":2,"minecraft:iron_ore":2,"minecraft:stripped_spruce_log":51,"minecraft:peony":1,"minecraft:sculk_shrieker":1,"minecraft:dirt_path":22,"minecraft:stone":36,"minecraft:cherry_stairs":7,"spelunkers_charm:rock_pile_1":1,"minecraft:glass_pane":6,"minecraft:cherry_planks":9,"epicpaladins:deepslate_bloodstone_ore":9,"minecraft:spruce_door":14,"minecraft:dandelion":1,"minecraft:crafting_table":8,"minecraft:torch":10,"minecraft:oak_wood":1,"minecraft:calcite":85,"minecraft:chest":2,"minecraft:sculk_sensor":7,"minecraft:glass":7,"minecraft:tall_grass":119,"minecraft:sculk":535,"minecraft:wall_torch":12,"minecraft:spruce_stairs":5,"epicpaladins:deepslate_cryorium_ore":4,"minecraft:spruce_log":129,"minecraft:grass":322,"minecraft:coal_ore":4,"minecraft:cherry_leaves":259,"minecraft:dirt":111,"minecraft:deepslate":6},"minecraft:dropped":{"minecraft:iron_ingot":117,"minecraft:gold_ore":5,"minecraft:water_bucket":2,"minecraft:spruce_sign":1,"minecraft:bread":101,"minecraft:brown_mushroom":1,"minecraft:wheat_seeds":10,"minecraft:diamond_axe":1,"minecraft:baked_potato":3,"minecraft:crafting_table":2,"minecraft:glow_berries":4,"minecraft:chainmail_helmet":1,"spelunkers_charm:deepslate_rock":2,"minecraft:golden_apple":3,"minecraft:stick":13,"minecraft:dirt":52,"minecraft:cherry_planks":90,"minecraft:diamond_helmet":1,"minecraft:iron_leggings":2,"gravestone:obituary":6,"minecraft:iron_axe":1,"minecraft:iron_pickaxe":2,"minecraft:chipped_anvil":1,"minecraft:string":2,"minecraft:pink_petals":2,"minecraft:music_disc_stal":1,"minecraft:spruce_sapling":1,"minecraft:dandelion":2,"minecraft:gold_ingot":2,"minecraft:white_tulip":2,"minecraft:cherry_stairs":1,"minecraft:cobbled_deepslate":5,"minecraft:raw_copper":16,"minecraft:cherry_sapling":5,"minecraft:raw_iron":14,"epicpaladins:bloodstone_gem":9,"minecraft:rotten_flesh":25,"supplementaries:antique_ink":3,"minecraft:diamond_chestplate":1,"minecraft:andesite":2,"minecraft:chest":1,"epicpaladins:arclight_pickaxe":2,"minecraft:bamboo":6,"minecraft:diamond_boots":2,"minecraft:iron_ore":320},"minecraft:picked_up":{"minecraft:crafting_table":8,"minecraft:wheat":22,"minecraft:brown_mushroom":1,"spelunkers_charm:deepslate_rock":3,"minecraft:potion":1,"minecraft:enchanted_book":3,"epicpaladins:arclight_hoe":1,"minecraft:stripped_cherry_log":16,"gravestone:obituary":3,"minecraft:cornflower":1,"minecraft:string":2,"minecraft:raw_copper":16,"minecraft:iron_axe":1,"minecraft:iron_leggings":1,"epicpaladins:bloodstone_gem":15,"minecraft:sea_pickle":2,"minecraft:cobbled_deepslate":9,"minecraft:spruce_planks":1,"minecraft:beef":3,"minecraft:white_tulip":2,"minecraft:calcite":125,"minecraft:poppy":1,"minecraft:iron_pickaxe":2,"supplementaries:rope":7,"minecraft:chest":7,"minecraft:cherry_trapdoor":3,"minecraft:spruce_trapdoor":7,"minecraft:furnace":6,"minecraft:stick":7,"minecraft:raw_iron":5,"minecraft:cherry_stairs":7,"epicpaladins:arclight_gem":8,"minecraft:spruce_stairs":5,"minecraft:torch":19,"quark:cherry_chest":4,"minecraft:cherry_log":57,"quark:ancient_tome":4,"minecraft:tnt":2,"quark:clear_shard":20,"minecraft:arrow":2,"minecraft:rotten_flesh":26,"epicpaladins:cryorium_gem":9,"minecraft:diamond_boots":1,"supplementaries:antique_ink":6,"minecraft:hay_block":26,"minecraft:gold_ingot":23,"minecraft:glow_berries":6,"minecraft:cobblestone":25,"minecraft:pink_petals":8,"minecraft:cherry_planks":50,"minecraft:cherry_leaves":50,"minecraft:andesite":2,"minecraft:leather":5,"minecraft:music_disc_stal":2,"minecraft:red_mushroom":1,"minecraft:dirt":572,"minecraft:lantern":2,"minecraft:name_tag":4,"minecraft:bone":7,"minecraft:chipped_anvil":1,"epicpaladins:arclight_pickaxe":1,"minecraft:wheat_seeds":162,"minecraft:raw_gold":16,"minecraft:rabbit_hide":16,"minecraft:iron_ingot":168,"minecraft:iron_ore":256,"minecraft:bamboo":6,"minecraft:dandelion":7,"minecraft:stripped_spruce_log":48,"minecraft:spruce_sapling":2,"minecraft:white_bed":9,"minecraft:spruce_log":130,"minecraft:spruce_door":14,"minecraft:dark_oak_log":18,"minecraft:diamond":24,"waystones:waystone":1,"minecraft:diamond_axe":1,"minecraft:painting":1,"minecraft:cherry_sapling":30,"minecraft:bread":42,"minecraft:spruce_sign":1,"minecraft:chainmail_helmet":1,"minecraft:emerald":14,"minecraft:coal":50},"minecraft:broken":{"minecraft:shears":1,"minecraft:iron_boots":1,"minecraft:iron_chestplate":1,"minecraft:iron_axe":1},"minecraft:custom":{"minecraft:interact_with_anvil":1,"minecraft:mob_kills":49,"minecraft:interact_with_crafting_table":39,"minecraft:open_barrel":36,"minecraft:leave_game":10,"minecraft:time_since_death":94654,"minecraft:climb_one_cm":3948,"minecraft:sprint_one_cm":537977,"minecraft:walk_one_cm":608830,"minecraft:drop":103,"minecraft:damage_dealt_absorbed":80,"minecraft:play_time":220586,"minecraft:sneak_time":20957,"minecraft:deaths":8,"minecraft:walk_under_water_one_cm":8616,"minecraft:jump":4144,"minecraft:walk_on_water_one_cm":25269,"minecraft:total_world_time":220586,"minecraft:interact_with_furnace":8,"minecraft:sleep_in_bed":4,"minecraft:time_since_rest":56540,"minecraft:waystone_activated":2,"minecraft:damage_taken":7689,"minecraft:damage_dealt":14599,"minecraft:swim_one_cm":11015,"minecraft:player_kills":3,"minecraft:fly_one_cm":872051,"minecraft:open_chest":80,"minecraft:crouch_one_cm":91346,"minecraft:fall_one_cm":133931},"minecraft:used":{"minecraft:cherry_sapling":1,"minecraft:chest":7,"minecraft:spruce_planks":192,"minecraft:iron_chestplate":1,"minecraft:torch":36,"quark:cherry_chest":8,"minecraft:dirt":334,"minecraft:spruce_stairs":68,"minecraft:diamond_helmet":1,"minecraft:oak_fence_gate":4,"minecraft:stripped_spruce_log":159,"epicpaladins:arclight_sword":265,"minecraft:glass":104,"minecraft:lantern":2,"minecraft:iron_axe":144,"minecraft:grass_block":10,"minecraft:cherry_trapdoor":7,"minecraft:iron_boots":1,"epicpaladins:bloodstone_shovel":642,"torchmaster:feral_flare_lantern":1,"epicpaladins:arclight_hoe":601,"minecraft:furnace":3,"torchmaster:megatorch":3,"minecraft:cobbled_deepslate":4,"minecraft:cherry_log":244,"minecraft:iron_leggings":1,"minecraft:calcite":5,"minecraft:water_bucket":33,"minecraft:spruce_door":28,"minecraft:cherry_planks":157,"minecraft:diamond_axe":88,"minecraft:crafting_table":9,"minecraft:white_bed":10,"epicpaladins:arclight_axe":788,"minecraft:shears":238,"minecraft:spruce_log":208,"waystones:waystone":2,"minecraft:bread":73,"minecraft:iron_pickaxe":45,"minecraft:spruce_trapdoor":18,"minecraft:cherry_stairs":46,"minecraft:cobblestone":8,"minecraft:bucket":34,"minecraft:glass_pane":69,"minecraft:sea_pickle":2,"minecraft:stripped_cherry_log":137,"minecraft:diamond_leggings":1,"minecraft:oak_fence":16,"epicpaladins:bloodstone_pickaxe":132}},"DataVersion":3465}