{"stats":{"minecraft:mined":{"minecraft:grass":3,"minecraft:grass_block":1,"minecraft:tall_grass":3,"minecraft:cherry_log":7,"minecraft:crafting_table":1,"minecraft:peony":1},"minecraft:dropped":{"minecraft:iron_ingot":5,"gravestone:obituary":1},"minecraft:crafted":{"minecraft:cherry_planks":28,"minecraft:iron_axe":1,"minecraft:crafting_table":1,"minecraft:stick":4,"minecraft:iron_pickaxe":1},"minecraft:picked_up":{"minecraft:crafting_table":1,"minecraft:brown_mushroom":1,"minecraft:cherry_log":7},"minecraft:custom":{"minecraft:open_barrel":17,"minecraft:time_since_rest":10975,"minecraft:crouch_one_cm":169,"minecraft:sprint_one_cm":14846,"minecraft:play_time":12457,"minecraft:deaths":1,"minecraft:damage_taken":136,"minecraft:walk_one_cm":11562,"minecraft:sneak_time":16,"minecraft:drop":2,"minecraft:jump":126,"minecraft:damage_dealt":95,"minecraft:leave_game":4,"minecraft:time_since_death":10953,"minecraft:climb_one_cm":635,"minecraft:total_world_time":12457,"minecraft:interact_with_crafting_table":1,"minecraft:fly_one_cm":47733,"minecraft:fall_one_cm":3112},"minecraft:used":{"minecraft:crafting_table":1,"minecraft:iron_axe":1,"minecraft:grass_block":2}},"DataVersion":3465}