{"stats":{"minecraft:dropped":{"gravestone:obituary":1},"minecraft:mined":{"minecraft:tall_grass":3,"minecraft:grass":3,"minecraft:grass_block":1},"minecraft:custom":{"minecraft:jump":48,"minecraft:damage_dealt":85,"minecraft:time_since_rest":6454,"minecraft:damage_taken":126,"minecraft:crouch_one_cm":169,"minecraft:leave_game":4,"minecraft:play_time":7936,"minecraft:sprint_one_cm":5646,"minecraft:time_since_death":6432,"minecraft:walk_one_cm":5341,"minecraft:deaths":1,"minecraft:sneak_time":16,"minecraft:total_world_time":7936,"minecraft:fall_one_cm":418,"minecraft:drop":1,"minecraft:fly_one_cm":29309},"minecraft:used":{"minecraft:grass_block":1}},"DataVersion":3465}