{"stats":{"minecraft:dropped":{"minecraft:gold_ore":5,"minecraft:spruce_sign":1,"minecraft:brown_mushroom":1,"minecraft:diamond_axe":1,"minecraft:baked_potato":3,"minecraft:diamond":41,"minecraft:crafting_table":2,"minecraft:glow_berries":4,"minecraft:dirt":52,"gravestone:obituary":8,"minecraft:iron_pickaxe":2,"minecraft:music_disc_stal":1,"minecraft:gold_ingot":55,"minecraft:white_tulip":2,"epicpaladins:arclight_sword":1,"minecraft:blackstone":4,"minecraft:cherry_stairs":1,"minecraft:pink_bed":1,"minecraft:cobbled_deepslate":262,"minecraft:cherry_sapling":5,"minecraft:rotten_flesh":26,"justhammers:iron_hammer":1,"minecraft:white_bed":1,"supplementaries:antique_ink":3,"minecraft:chest":1,"epicpaladins:arclight_pickaxe":2,"minecraft:iron_ore":320,"minecraft:water_bucket":2,"minecraft:iron_ingot":117,"minecraft:bread":109,"minecraft:wheat_seeds":1111,"minecraft:cobblestone":65,"minecraft:chainmail_helmet":1,"spelunkers_charm:deepslate_rock":2,"minecraft:golden_apple":3,"minecraft:stick":13,"minecraft:cherry_planks":90,"minecraft:diamond_helmet":1,"minecraft:iron_leggings":2,"minecraft:iron_axe":1,"minecraft:chipped_anvil":1,"minecraft:string":2,"minecraft:pink_petals":8,"minecraft:spruce_sapling":1,"minecraft:redstone_block":70,"minecraft:dandelion":2,"minecraft:redstone":32,"minecraft:raw_copper":16,"minecraft:tuff":64,"minecraft:raw_iron":14,"epicpaladins:bloodstone_gem":9,"minecraft:diamond_chestplate":1,"minecraft:andesite":2,"minecraft:bamboo":6,"minecraft:diamond_boots":2,"minecraft:magma_block":85},"minecraft:crafted":{"epicpaladins:arclight_sword":1,"minecraft:oak_planks":20,"securitycraft:mine":3,"minecraft:stone":126,"epicpaladins:arclight_pickaxe":1,"quark:cherry_chest":7,"epicpaladins:moonlight_shovel":1,"minecraft:diamond_helmet":1,"minecraft:diamond_leggings":1,"minecraft:iron_boots":1,"minecraft:chest":15,"epicpaladins:arclight_hoe":1,"epicpaladins:moonlight_sword":1,"sophisticatedbackpacks:backpack":1,"minecraft:diamond_axe":1,"minecraft:crafting_table":7,"minecraft:spruce_planks":212,"minecraft:spruce_door":3,"minecraft:spruce_trapdoor":8,"epicpaladins:moonlight_pickaxe":1,"minecraft:iron_chestplate":1,"minecraft:stick":84,"quark:oak_chest":1,"minecraft:iron_ingot":18,"minecraft:iron_pickaxe":1,"minecraft:gold_ingot":36,"minecraft:cherry_planks":108,"epicpaladins:bloodstone_shovel":1,"minecraft:coal":45,"minecraft:furnace":1,"quark:cherry_bookshelf":3,"minecraft:stone_stairs":48,"minecraft:cherry_trapdoor":4,"minecraft:spruce_stairs":20,"minecraft:iron_axe":1,"minecraft:cherry_stairs":36,"quark:spruce_chest":12,"minecraft:wheat":531,"sophisticatedbackpacks:iron_backpack":1,"epicpaladins:moonlight_axe":1,"epicpaladins:arclight_axe":1,"minecraft:bucket":1,"minecraft:glowstone":10,"minecraft:bread":178,"minecraft:air":0,"securitycraft:dirt_mine":2,"justhammers:iron_hammer":4,"quark:spruce_bookshelf":1,"epicpaladins:bloodstone_pickaxe":1,"minecraft:iron_leggings":1,"minecraft:torch":60},"minecraft:used":{"epicpaladins:bloodstone_pickaxe":467,"minecraft:cherry_sapling":1,"minecraft:spruce_slab":15,"minecraft:chest":26,"minecraft:stone":72,"minecraft:iron_chestplate":1,"epicpaladins:moonlight_shovel":48,"quark:cherry_chest":8,"quark:vertical_spruce_planks":3,"minecraft:stripped_spruce_log":320,"epicpaladins:arclight_sword":521,"minecraft:obsidian":10,"minecraft:glass":104,"minecraft:lantern":22,"minecraft:grass_block":10,"epicpaladins:moonlight_axe":8,"minecraft:cherry_leaves":79,"epicpaladins:bloodstone_shovel":642,"connectedglass:borderless_glass_pane":62,"minecraft:bedrock":36,"epicpaladins:arclight_hoe":601,"minecraft:furnace":16,"epicpaladins:moonlight_sword":47,"minecraft:diamond_boots":1,"minecraft:spruce_door":39,"minecraft:oak_planks":15,"minecraft:blackstone":8,"minecraft:diamond_axe":88,"minecraft:blast_furnace":5,"epicpaladins:arclight_axe":898,"epicpaladins:moonlight_pickaxe":532,"minecraft:shears":238,"waystones:waystone":2,"minecraft:bread":169,"securitycraft:mine":2,"minecraft:stripped_cherry_log":140,"quark:stone_brick_vertical_slab":4,"minecraft:oak_hanging_sign":3,"minecraft:oak_fence":23,"minecraft:flint_and_steel":8,"minecraft:spruce_planks":203,"minecraft:netherrack":129,"minecraft:oak_door":1,"minecraft:stick":3,"minecraft:torch":69,"minecraft:dirt":350,"minecraft:anvil":1,"minecraft:white_carpet":31,"minecraft:hopper":12,"minecraft:spruce_stairs":118,"minecraft:stone_stairs":62,"minecraft:diamond_helmet":2,"quark:cherry_bookshelf":24,"minecraft:oak_fence_gate":4,"minecraft:chipped_anvil":1,"minecraft:iron_axe":144,"minecraft:cherry_slab":104,"minecraft:cherry_trapdoor":7,"minecraft:iron_boots":1,"connectedglass:borderless_glass":98,"minecraft:barrel":4,"quark:spruce_vertical_slab":30,"minecraft:glowstone":4,"torchmaster:feral_flare_lantern":1,"securitycraft:reinforced_glass":1,"securitycraft:dirt_mine":2,"torchmaster:megatorch":3,"minecraft:cobbled_deepslate":26,"minecraft:cherry_log":244,"minecraft:iron_leggings":1,"minecraft:calcite":9,"minecraft:wheat_seeds":30,"minecraft:water_bucket":33,"minecraft:cherry_planks":164,"connectedglass:clear_glass":18,"minecraft:comparator":1,"minecraft:crafting_table":17,"minecraft:white_bed":14,"minecraft:painting":10,"minecraft:spruce_log":208,"justhammers:iron_hammer":605,"quark:stripped_spruce_post":4,"minecraft:flower_pot":3,"minecraft:apple":8,"minecraft:iron_pickaxe":45,"minecraft:spruce_trapdoor":159,"quark:flamerang":51,"minecraft:pink_bed":2,"minecraft:cobblestone":174,"minecraft:cherry_stairs":53,"minecraft:bucket":34,"minecraft:glass_pane":69,"minecraft:sea_pickle":2,"minecraft:splash_potion":2,"minecraft:diamond_leggings":2},"minecraft:broken":{"minecraft:diamond_helmet":1,"minecraft:shears":1,"minecraft:iron_boots":1,"minecraft:iron_chestplate":1,"minecraft:iron_axe":1},"minecraft:picked_up":{"biomesoplenty:burning_blossom":1,"minecraft:wheat":832,"minecraft:redstone_block":1,"minecraft:flower_pot":1,"minecraft:potion":1,"minecraft:enchanted_book":3,"epicpaladins:arclight_hoe":1,"minecraft:string":2,"minecraft:raw_copper":85,"minecraft:oak_hanging_sign":2,"minecraft:iron_leggings":1,"epicpaladins:bloodstone_gem":26,"minecraft:oak_sign":1,"minecraft:sea_pickle":2,"minecraft:cherry_boat":1,"minecraft:gold_nugget":287,"minecraft:cobbled_deepslate":1353,"minecraft:comparator":1,"minecraft:spruce_planks":7,"minecraft:white_tulip":2,"minecraft:calcite":126,"minecraft:iron_pickaxe":2,"minecraft:coal_block":5,"minecraft:furnace":10,"minecraft:golden_helmet":1,"minecraft:stick":26,"epicpaladins:arclight_gem":8,"quark:cherry_chest":4,"minecraft:torch":38,"minecraft:spruce_stairs":8,"minecraft:cherry_log":57,"epicpaladins:moonlight_gem":28,"quark:spruce_vertical_slab":12,"quark:ancient_tome":4,"epicpaladins:cryorium_gem":9,"minecraft:rotten_flesh":37,"quark:clear_shard":20,"supplementaries:antique_ink":6,"minecraft:carved_pumpkin":8,"minecraft:blaze_rod":7,"minecraft:cobblestone":1801,"minecraft:pink_petals":14,"minecraft:magma_block":212,"minecraft:cherry_planks":63,"minecraft:cherry_leaves":50,"minecraft:andesite":350,"minecraft:flint":5,"minecraft:tuff":137,"minecraft:lapis_lazuli":44,"minecraft:lantern":8,"minecraft:dirt":660,"minecraft:name_tag":4,"minecraft:bone":11,"minecraft:chipped_anvil":2,"minecraft:wheat_seeds":1705,"minecraft:raw_gold":16,"minecraft:glowstone_dust":43,"minecraft:bamboo":6,"securitycraft:mine":3,"justhammers:iron_hammer":2,"minecraft:stripped_spruce_log":52,"epicpaladins:arclight_sword":1,"quark:stone_brick_vertical_slab":1,"minecraft:dark_oak_log":18,"minecraft:diamond":86,"waystones:waystone":1,"minecraft:granite":19,"minecraft:emerald":14,"minecraft:spruce_sign":1,"minecraft:chainmail_helmet":1,"minecraft:bread":46,"minecraft:netherrack":190,"minecraft:crafting_table":13,"minecraft:brown_mushroom":1,"spelunkers_charm:deepslate_rock":3,"quark:ancient_sapling":1,"minecraft:stripped_cherry_log":18,"gravestone:obituary":3,"minecraft:cornflower":1,"minecraft:stone_stairs":10,"minecraft:iron_axe":1,"minecraft:white_carpet":23,"minecraft:blackstone":71,"minecraft:beef":7,"minecraft:poppy":1,"minecraft:spruce_slab":9,"minecraft:chest":11,"supplementaries:rope":7,"minecraft:spruce_trapdoor":9,"minecraft:cherry_trapdoor":3,"minecraft:raw_iron":27,"minecraft:cherry_stairs":14,"ecologics:coconut_slice":2,"minecraft:redstone":102,"minecraft:tnt":3,"minecraft:arrow":4,"minecraft:diamond_boots":1,"minecraft:hay_block":58,"minecraft:gold_ingot":23,"minecraft:glow_berries":6,"minecraft:leather":13,"minecraft:music_disc_stal":2,"minecraft:red_mushroom":1,"minecraft:oak_log":5,"securitycraft:reinforced_glass":1,"epicpaladins:arclight_pickaxe":1,"minecraft:rabbit_hide":16,"minecraft:iron_ingot":188,"minecraft:iron_ore":256,"minecraft:book":111,"minecraft:pink_bed":2,"minecraft:quartz":2,"minecraft:dandelion":7,"minecraft:gravel":23,"minecraft:spruce_sapling":2,"minecraft:blast_furnace":2,"minecraft:white_bed":14,"minecraft:spruce_log":130,"minecraft:spruce_door":14,"biomesoplenty:bramble":2,"minecraft:slime_ball":1,"minecraft:painting":7,"minecraft:diamond_axe":1,"minecraft:cherry_sapling":30,"minecraft:mossy_cobblestone_stairs":1,"minecraft:baked_potato":19,"minecraft:coal":293},"minecraft:custom":{"minecraft:interact_with_crafting_table":73,"minecraft:open_barrel":60,"minecraft:bell_ring":9,"minecraft:leave_game":15,"minecraft:time_since_death":34754,"minecraft:sprint_one_cm":1144031,"minecraft:drop":167,"minecraft:play_time":439730,"minecraft:deaths":11,"minecraft:jump":6471,"minecraft:walk_on_water_one_cm":35672,"minecraft:interact_with_furnace":38,"minecraft:sleep_in_bed":6,"minecraft:waystone_activated":4,"minecraft:damage_dealt":25503,"minecraft:player_kills":7,"minecraft:crouch_one_cm":103064,"minecraft:interact_with_anvil":10,"minecraft:mob_kills":97,"minecraft:inspect_hopper":1,"minecraft:damage_dealt_resisted":64,"minecraft:climb_one_cm":8140,"minecraft:walk_one_cm":1244943,"minecraft:damage_dealt_absorbed":80,"minecraft:sneak_time":25894,"minecraft:walk_under_water_one_cm":12664,"minecraft:interact_with_blast_furnace":10,"minecraft:total_world_time":439730,"minecraft:pot_flower":3,"minecraft:time_since_rest":1335,"minecraft:damage_taken":12648,"minecraft:swim_one_cm":15314,"minecraft:fly_one_cm":1646169,"minecraft:open_chest":190,"minecraft:fall_one_cm":203035},"minecraft:killed_by":{"minecraft:zombie":2,"minecraft:player":5,"minecraft:warden":1},"minecraft:killed":{"minecraft:cave_spider":3,"minecraft:spider":1,"minecraft:skeleton":9,"minecraft:piglin":4,"minecraft:zombie_villager":2,"minecraft:zombie":41,"takesapillage:archer":1,"minecraft:cow":5,"minecraft:blaze":15,"quark:toretoise":2,"minecraft:slime":2,"minecraft:horse":9,"minecraft:hoglin":1,"minecraft:wither_skeleton":1},"minecraft:mined":{"securitycraft:mine":2,"minecraft:spruce_planks":7,"minecraft:white_bed":14,"quark:cherry_chest":2,"minecraft:pink_bed":1,"minecraft:cherry_log":60,"minecraft:sculk_vein":74,"minecraft:spruce_trapdoor":9,"minecraft:cherry_trapdoor":3,"minecraft:grass_block":357,"minecraft:coal_block":5,"epicpaladins:moonlight_ore":28,"minecraft:magma_block":6,"minecraft:sculk_catalyst":5,"minecraft:glowstone":15,"minecraft:iron_ore":16,"minecraft:fire":11,"minecraft:sculk_shrieker":1,"supplementaries:stick":2,"minecraft:oak_sign":1,"minecraft:oak_wall_hanging_sign":1,"minecraft:dirt_path":22,"minecraft:spruce_slab":8,"minecraft:blackstone":2,"minecraft:torch":13,"minecraft:blast_furnace":2,"minecraft:calcite":86,"minecraft:chest":6,"minecraft:glass":7,"minecraft:nether_quartz_ore":2,"minecraft:cobblestone":5,"minecraft:wall_torch":22,"minecraft:stone_stairs":10,"minecraft:wheat":203,"epicpaladins:deepslate_cryorium_ore":4,"quark:spruce_vertical_slab":10,"minecraft:tnt":1,"minecraft:grass":343,"quark:potted_ancient_sapling":1,"minecraft:oak_log":5,"minecraft:dirt":147,"minecraft:tripwire_hook":1,"minecraft:netherrack":266,"minecraft:deepslate":13,"minecraft:nether_gold_ore":75,"minecraft:tuff":2,"minecraft:deepslate_diamond_ore":37,"minecraft:cherry_sapling":26,"minecraft:stripped_cherry_log":18,"minecraft:dark_oak_log":18,"gravestone:gravestone":12,"quark:stone_brick_vertical_slab":1,"minecraft:spruce_leaves":18,"epicpaladins:deepslate_arclight_ore":7,"minecraft:hay_block":60,"spelunkers_charm:deepslate_rock_pile_1":1,"minecraft:furnace":7,"minecraft:andesite":27,"minecraft:stripped_spruce_log":55,"minecraft:peony":1,"minecraft:bookshelf":37,"minecraft:lantern":3,"minecraft:stone":340,"minecraft:oak_hanging_sign":1,"minecraft:cherry_stairs":14,"spelunkers_charm:rock_pile_1":1,"minecraft:glass_pane":6,"minecraft:cherry_planks":23,"minecraft:comparator":1,"epicpaladins:deepslate_bloodstone_ore":9,"minecraft:spruce_door":14,"minecraft:dandelion":1,"minecraft:crafting_table":13,"minecraft:oak_wood":1,"minecraft:sculk_sensor":7,"minecraft:tall_grass":139,"minecraft:copper_ore":8,"biomesoplenty:sprout":1,"minecraft:sculk":535,"minecraft:spruce_stairs":8,"minecraft:beehive":1,"minecraft:white_carpet":23,"minecraft:spruce_log":129,"minecraft:coal_ore":56,"minecraft:cherry_leaves":263,"minecraft:gravel":20,"minecraft:chipped_anvil":1}},"DataVersion":3465}