{"stats":{"minecraft:killed":{"minecraft:cave_spider":3,"minecraft:zombie_villager":2,"quark:toretoise":2,"minecraft:slime":1,"minecraft:horse":2,"minecraft:skeleton":3,"minecraft:zombie":27,"minecraft:cow":2},"minecraft:mined":{"minecraft:white_bed":2,"minecraft:cherry_planks":1,"minecraft:deepslate_diamond_ore":9,"epicpaladins:deepslate_bloodstone_ore":9,"minecraft:sculk_vein":74,"minecraft:cherry_log":16,"minecraft:crafting_table":8,"minecraft:torch":5,"gravestone:gravestone":3,"minecraft:calcite":43,"minecraft:oak_wood":1,"minecraft:grass_block":1,"minecraft:sculk_sensor":7,"minecraft:tall_grass":18,"minecraft:sculk":535,"minecraft:wall_torch":8,"epicpaladins:deepslate_arclight_ore":7,"minecraft:hay_block":16,"spelunkers_charm:deepslate_rock_pile_1":1,"minecraft:sculk_catalyst":5,"minecraft:furnace":2,"minecraft:iron_ore":2,"epicpaladins:deepslate_cryorium_ore":4,"minecraft:peony":1,"minecraft:sculk_shrieker":1,"minecraft:grass":28,"minecraft:coal_ore":4,"minecraft:cherry_leaves":1,"minecraft:stone":19,"spelunkers_charm:rock_pile_1":1,"minecraft:deepslate":6},"minecraft:dropped":{"minecraft:iron_ingot":117,"minecraft:spruce_sign":1,"minecraft:gold_ore":5,"minecraft:bread":101,"minecraft:white_tulip":2,"minecraft:brown_mushroom":1,"minecraft:wheat_seeds":8,"minecraft:baked_potato":3,"minecraft:cobbled_deepslate":5,"minecraft:raw_copper":16,"minecraft:crafting_table":2,"minecraft:raw_iron":14,"epicpaladins:bloodstone_gem":9,"minecraft:rotten_flesh":25,"minecraft:glow_berries":4,"minecraft:chainmail_helmet":1,"spelunkers_charm:deepslate_rock":2,"minecraft:golden_apple":3,"supplementaries:antique_ink":3,"minecraft:stick":11,"minecraft:dirt":1,"minecraft:diamond_chestplate":1,"minecraft:andesite":2,"minecraft:cherry_planks":8,"minecraft:diamond_helmet":1,"minecraft:iron_leggings":2,"epicpaladins:arclight_pickaxe":1,"gravestone:obituary":4,"minecraft:diamond_boots":2,"minecraft:iron_ore":320,"minecraft:iron_axe":1,"minecraft:iron_pickaxe":2,"minecraft:chipped_anvil":1,"minecraft:string":2,"minecraft:music_disc_stal":1,"minecraft:dandelion":2,"minecraft:gold_ingot":2},"minecraft:crafted":{"minecraft:cherry_planks":56,"epicpaladins:arclight_sword":1,"minecraft:diamond_axe":1,"minecraft:crafting_table":2,"epicpaladins:arclight_pickaxe":1,"minecraft:bread":52,"minecraft:diamond_helmet":1,"minecraft:iron_chestplate":1,"minecraft:iron_boots":1,"minecraft:iron_axe":1,"epicpaladins:bloodstone_pickaxe":1,"minecraft:stick":24,"minecraft:iron_pickaxe":1,"minecraft:iron_leggings":1,"epicpaladins:arclight_hoe":1,"minecraft:wheat":135},"minecraft:picked_up":{"minecraft:crafting_table":8,"minecraft:wheat":22,"minecraft:cherry_planks":1,"minecraft:leather":3,"minecraft:andesite":2,"minecraft:brown_mushroom":1,"minecraft:music_disc_stal":1,"minecraft:red_mushroom":1,"spelunkers_charm:deepslate_rock":2,"gravestone:obituary":2,"minecraft:string":2,"minecraft:lantern":1,"minecraft:raw_copper":16,"minecraft:iron_axe":1,"minecraft:iron_leggings":1,"epicpaladins:bloodstone_gem":15,"minecraft:bone":7,"minecraft:chipped_anvil":1,"minecraft:sea_pickle":2,"minecraft:wheat_seeds":43,"minecraft:cobbled_deepslate":9,"minecraft:raw_gold":16,"minecraft:rabbit_hide":8,"minecraft:beef":3,"minecraft:iron_ingot":64,"minecraft:white_tulip":2,"minecraft:iron_ore":256,"minecraft:calcite":43,"minecraft:furnace":2,"minecraft:raw_iron":5,"epicpaladins:arclight_gem":7,"minecraft:torch":8,"minecraft:dandelion":2,"minecraft:cherry_log":16,"minecraft:white_bed":2,"minecraft:tnt":1,"minecraft:rotten_flesh":26,"epicpaladins:cryorium_gem":4,"minecraft:diamond":15,"minecraft:diamond_boots":1,"minecraft:hay_block":15,"supplementaries:antique_ink":3,"minecraft:spruce_sign":1,"minecraft:chainmail_helmet":1,"minecraft:bread":42,"minecraft:glow_berries":5,"minecraft:coal":50,"minecraft:cobblestone":8},"minecraft:killed_by":{"minecraft:warden":1},"minecraft:custom":{"minecraft:mob_kills":43,"minecraft:interact_with_crafting_table":11,"minecraft:open_barrel":36,"minecraft:leave_game":5,"minecraft:time_since_death":7317,"minecraft:climb_one_cm":3948,"minecraft:time_since_rest":7342,"minecraft:sprint_one_cm":178874,"minecraft:damage_taken":2448,"minecraft:walk_one_cm":150433,"minecraft:drop":84,"minecraft:damage_dealt":9022,"minecraft:damage_dealt_absorbed":80,"minecraft:player_kills":1,"minecraft:swim_one_cm":3255,"minecraft:fly_one_cm":399229,"minecraft:crouch_one_cm":57376,"minecraft:open_chest":3,"minecraft:play_time":70556,"minecraft:deaths":2,"minecraft:sneak_time":10610,"minecraft:walk_under_water_one_cm":1533,"minecraft:jump":1657,"minecraft:walk_on_water_one_cm":5112,"minecraft:total_world_time":70556,"minecraft:fall_one_cm":54760},"minecraft:used":{"minecraft:cherry_planks":23,"minecraft:diamond_axe":65,"minecraft:iron_chestplate":1,"minecraft:torch":22,"minecraft:crafting_table":8,"minecraft:diamond_helmet":1,"epicpaladins:arclight_sword":46,"minecraft:bread":42,"minecraft:grass_block":2,"minecraft:iron_axe":144,"minecraft:iron_pickaxe":45,"minecraft:iron_boots":1,"minecraft:cobblestone":8,"epicpaladins:arclight_hoe":601,"minecraft:sea_pickle":2,"minecraft:cobbled_deepslate":4,"minecraft:iron_leggings":1,"epicpaladins:bloodstone_pickaxe":63},"minecraft:broken":{"minecraft:iron_axe":1}},"DataVersion":3465}