{"stats":{"minecraft:killed":{"minecraft:skeleton":1},"minecraft:mined":{"minecraft:cherry_log":7,"minecraft:crafting_table":4,"gravestone:gravestone":1,"minecraft:oak_wood":1,"minecraft:grass_block":1,"minecraft:tall_grass":13,"minecraft:hay_block":11,"minecraft:iron_ore":2,"minecraft:peony":1,"minecraft:grass":23,"minecraft:stone":1},"minecraft:dropped":{"minecraft:gold_ore":5,"minecraft:iron_ingot":117,"minecraft:bread":6,"minecraft:white_tulip":2,"minecraft:brown_mushroom":1,"minecraft:wheat_seeds":5,"minecraft:crafting_table":1,"minecraft:raw_iron":14,"minecraft:chainmail_helmet":1,"minecraft:golden_apple":3,"minecraft:dirt":1,"minecraft:diamond_chestplate":1,"minecraft:diamond_helmet":1,"minecraft:iron_leggings":2,"gravestone:obituary":2,"minecraft:diamond_boots":2,"minecraft:iron_ore":320,"minecraft:iron_axe":1,"minecraft:iron_pickaxe":2,"minecraft:chipped_anvil":1,"minecraft:dandelion":2},"minecraft:crafted":{"minecraft:cherry_planks":28,"minecraft:crafting_table":1,"minecraft:bread":30,"minecraft:diamond_helmet":1,"minecraft:iron_boots":1,"minecraft:iron_chestplate":1,"minecraft:iron_axe":1,"minecraft:stick":4,"minecraft:iron_pickaxe":1,"minecraft:iron_leggings":1,"minecraft:wheat":90},"minecraft:picked_up":{"minecraft:crafting_table":4,"minecraft:brown_mushroom":1,"minecraft:red_mushroom":1,"gravestone:obituary":1,"minecraft:lantern":1,"minecraft:iron_axe":1,"minecraft:iron_leggings":1,"minecraft:bone":2,"minecraft:chipped_anvil":1,"minecraft:sea_pickle":2,"minecraft:wheat_seeds":4,"minecraft:iron_ingot":64,"minecraft:white_tulip":2,"minecraft:iron_ore":256,"minecraft:dandelion":2,"minecraft:cherry_log":7,"minecraft:diamond":6,"minecraft:diamond_boots":1,"minecraft:hay_block":10,"minecraft:spruce_sign":1,"minecraft:chainmail_helmet":1,"minecraft:cobblestone":1},"minecraft:custom":{"minecraft:mob_kills":1,"minecraft:interact_with_crafting_table":5,"minecraft:open_barrel":25,"minecraft:leave_game":4,"minecraft:time_since_death":22953,"minecraft:climb_one_cm":2888,"minecraft:time_since_rest":22975,"minecraft:sprint_one_cm":46654,"minecraft:damage_taken":419,"minecraft:walk_one_cm":44940,"minecraft:drop":41,"minecraft:damage_dealt":493,"minecraft:swim_one_cm":2943,"minecraft:fly_one_cm":108376,"minecraft:player_kills":1,"minecraft:open_chest":3,"minecraft:crouch_one_cm":1179,"minecraft:play_time":24457,"minecraft:deaths":1,"minecraft:sneak_time":207,"minecraft:walk_under_water_one_cm":1425,"minecraft:jump":501,"minecraft:walk_on_water_one_cm":654,"minecraft:total_world_time":24457,"minecraft:fall_one_cm":13379},"minecraft:used":{"minecraft:cherry_planks":14,"minecraft:iron_chestplate":1,"minecraft:torch":1,"minecraft:crafting_table":4,"minecraft:diamond_helmet":1,"minecraft:bread":9,"minecraft:iron_axe":24,"minecraft:grass_block":2,"minecraft:iron_pickaxe":3,"minecraft:iron_boots":1,"minecraft:sea_pickle":2,"minecraft:iron_leggings":1}},"DataVersion":3465}