{"stats":{"minecraft:mined":{"gravestone:gravestone":1,"quark:hollow_birch_log":2,"minecraft:grass":5,"minecraft:oak_log":6,"minecraft:tall_grass":3,"minecraft:cherry_log":4,"minecraft:moss_carpet":1},"minecraft:crafted":{"minecraft:cherry_planks":16,"minecraft:wooden_sword":1,"minecraft:crafting_table":1,"minecraft:stick":2,"minecraft:wooden_pickaxe":1},"minecraft:picked_up":{"minecraft:arrow":1,"minecraft:rotten_flesh":1,"minecraft:wheat_seeds":1,"minecraft:iron_ingot":5,"minecraft:oak_log":6,"quark:hollow_birch_log":2,"minecraft:cherry_log":4,"supplementaries:ash":1,"minecraft:moss_carpet":2},"minecraft:killed_by":{"minecraft:player":1},"minecraft:custom":{"minecraft:time_since_rest":11967,"minecraft:play_time":14349,"minecraft:sprint_one_cm":39214,"minecraft:walk_one_cm":51647,"minecraft:damage_taken":504,"minecraft:deaths":1,"minecraft:mob_kills":2,"minecraft:jump":253,"minecraft:damage_dealt":397,"minecraft:time_since_death":11916,"minecraft:total_world_time":14349,"minecraft:interact_with_crafting_table":1,"minecraft:fall_one_cm":7038,"minecraft:fly_one_cm":22872,"minecraft:open_barrel":11},"minecraft:used":{"minecraft:wooden_sword":59,"minecraft:crafting_table":1,"quark:hollow_birch_log":2,"minecraft:wooden_pickaxe":12,"minecraft:rotten_flesh":1},"minecraft:broken":{"minecraft:wooden_sword":1}},"DataVersion":3465}