{"stats":{"minecraft:dropped":{"minecraft:diamond_boots":1,"minecraft:iron_pickaxe":1,"minecraft:chipped_anvil":1},"minecraft:mined":{"quark:hollow_birch_log":2,"minecraft:furnace":2,"minecraft:iron_ore":3,"minecraft:cherry_log":4,"minecraft:dandelion":2,"minecraft:moss_carpet":1,"minecraft:crafting_table":1,"gravestone:gravestone":1,"minecraft:grass":16,"minecraft:emerald_ore":1,"minecraft:coal_ore":8,"minecraft:oak_log":6,"minecraft:dirt":1,"minecraft:tall_grass":8,"minecraft:stone":10,"minecraft:chipped_anvil":1,"minecraft:piston":1},"minecraft:crafted":{"minecraft:cherry_planks":16,"minecraft:wooden_sword":1,"minecraft:oak_planks":4,"minecraft:iron_boots":1,"minecraft:crafting_table":2,"minecraft:stick":2,"minecraft:wooden_pickaxe":1,"minecraft:iron_helmet":1},"minecraft:picked_up":{"minecraft:crafting_table":1,"minecraft:raw_iron":18,"minecraft:oak_log":6,"minecraft:cherry_log":4,"minecraft:dirt":3,"minecraft:moss_carpet":2,"minecraft:diamond_chestplate":1,"minecraft:chipped_anvil":2,"minecraft:arrow":2,"minecraft:rotten_flesh":1,"minecraft:bow":1,"minecraft:wheat_seeds":3,"minecraft:diamond_boots":1,"minecraft:hay_block":1,"minecraft:iron_ingot":5,"quark:hollow_birch_log":2,"minecraft:emerald":1,"supplementaries:ash":1,"minecraft:iron_pickaxe":2,"minecraft:coal":8,"minecraft:piston":1,"minecraft:cobblestone":9,"minecraft:furnace":2},"minecraft:killed_by":{"minecraft:player":1},"minecraft:custom":{"minecraft:time_since_rest":23967,"minecraft:interact_with_furnace":1,"minecraft:sprint_one_cm":75290,"minecraft:damage_taken":862,"minecraft:walk_one_cm":85813,"minecraft:mob_kills":2,"minecraft:drop":3,"minecraft:damage_dealt":460,"minecraft:interact_with_crafting_table":4,"minecraft:fly_one_cm":31922,"minecraft:open_barrel":21,"minecraft:open_chest":4,"minecraft:play_time":26349,"minecraft:deaths":1,"minecraft:sneak_time":81,"minecraft:walk_under_water_one_cm":94,"minecraft:jump":408,"minecraft:walk_on_water_one_cm":881,"minecraft:time_since_death":23916,"minecraft:total_world_time":26349,"minecraft:climb_one_cm":2316,"minecraft:fall_one_cm":11954,"minecraft:inspect_dispenser":1},"minecraft:used":{"minecraft:bread":5,"minecraft:baked_potato":1,"minecraft:iron_pickaxe":48,"quark:hollow_birch_log":2,"minecraft:wooden_pickaxe":13,"minecraft:rotten_flesh":1,"minecraft:torch":3,"minecraft:wooden_sword":59,"minecraft:crafting_table":2},"minecraft:broken":{"minecraft:wooden_sword":1}},"DataVersion":3465}