{"stats":{"minecraft:killed":{"minecraft:zombie":4},"minecraft:mined":{"minecraft:cherry_log":4,"minecraft:dandelion":2,"minecraft:crafting_table":1,"gravestone:gravestone":2,"minecraft:emerald_ore":1,"minecraft:tall_grass":11,"quark:hollow_birch_log":2,"supplementaries:urn":5,"minecraft:furnace":2,"minecraft:iron_ore":3,"minecraft:moss_carpet":1,"minecraft:grass":21,"minecraft:oak_log":6,"minecraft:coal_ore":8,"minecraft:dirt":1,"minecraft:stone":10,"minecraft:chipped_anvil":1,"minecraft:piston":1},"minecraft:dropped":{"minecraft:wheat_seeds":7,"minecraft:glow_berries":4,"minecraft:rail":6,"minecraft:chainmail_helmet":1,"minecraft:red_mushroom":4,"minecraft:dirt":3,"minecraft:potato":1,"minecraft:melon_seeds":2,"minecraft:cherry_planks":5,"minecraft:slime_ball":7,"gravestone:obituary":1,"minecraft:diamond_boots":1,"minecraft:wooden_pickaxe":1,"minecraft:iron_pickaxe":2,"minecraft:chipped_anvil":1},"minecraft:crafted":{"minecraft:cherry_planks":16,"minecraft:wooden_sword":1,"minecraft:oak_planks":4,"minecraft:crafting_table":2,"minecraft:wooden_pickaxe":1,"minecraft:iron_helmet":1,"minecraft:iron_sword":1,"minecraft:iron_boots":1,"minecraft:stick":2},"minecraft:picked_up":{"minecraft:crafting_table":1,"minecraft:potato":1,"minecraft:oak_log":6,"minecraft:dirt":3,"minecraft:moss_carpet":2,"epicpaladins:bloodstone_gem":3,"minecraft:bone":6,"minecraft:chipped_anvil":2,"minecraft:bow":1,"minecraft:wheat_seeds":7,"minecraft:iron_ingot":5,"minecraft:iron_pickaxe":3,"minecraft:piston":1,"minecraft:furnace":2,"minecraft:stick":11,"minecraft:raw_iron":22,"minecraft:torch":1,"minecraft:cherry_log":4,"minecraft:arrow":2,"minecraft:rotten_flesh":6,"minecraft:diamond_chestplate":1,"minecraft:diamond":4,"supplementaries:antique_ink":3,"minecraft:diamond_boots":1,"minecraft:hay_block":1,"quark:hollow_birch_log":2,"minecraft:chainmail_helmet":1,"minecraft:emerald":1,"minecraft:bread":6,"supplementaries:ash":14,"minecraft:glow_berries":1,"minecraft:coal":8,"minecraft:rail":2,"minecraft:cobblestone":13},"minecraft:killed_by":{"minecraft:player":1},"minecraft:custom":{"minecraft:interact_with_furnace":1,"minecraft:mob_kills":6,"minecraft:interact_with_crafting_table":10,"minecraft:open_barrel":21,"minecraft:leave_game":1,"minecraft:time_since_death":8634,"minecraft:climb_one_cm":2316,"minecraft:time_since_rest":8693,"minecraft:sprint_one_cm":142433,"minecraft:damage_taken":2054,"minecraft:walk_one_cm":130645,"minecraft:drop":20,"minecraft:damage_dealt":1440,"minecraft:fly_one_cm":54202,"minecraft:open_chest":4,"minecraft:crouch_one_cm":147,"minecraft:play_time":41134,"minecraft:sneak_time":535,"minecraft:deaths":2,"minecraft:walk_under_water_one_cm":632,"minecraft:jump":600,"minecraft:walk_on_water_one_cm":1667,"minecraft:total_world_time":41134,"minecraft:fall_one_cm":24714,"minecraft:inspect_dispenser":1},"minecraft:used":{"minecraft:baked_potato":3,"quark:hollow_birch_log":2,"minecraft:wooden_pickaxe":13,"minecraft:rotten_flesh":1,"minecraft:torch":7,"minecraft:crafting_table":3,"minecraft:oak_log":3,"minecraft:bread":11,"minecraft:iron_pickaxe":139,"minecraft:wooden_sword":59},"minecraft:broken":{"minecraft:wooden_sword":1}},"DataVersion":3465}