{"stats":{"minecraft:killed":{"minecraft:skeleton":1,"minecraft:zombie":6},"minecraft:mined":{"minecraft:blackstone":1,"minecraft:deepslate_diamond_ore":4,"minecraft:sculk_vein":10,"minecraft:cherry_log":4,"minecraft:dandelion":2,"minecraft:torch":1,"minecraft:crafting_table":3,"gravestone:gravestone":3,"minecraft:emerald_ore":1,"minecraft:tall_grass":11,"minecraft:sculk":263,"minecraft:wall_torch":1,"supplementaries:urn":9,"quark:hollow_birch_log":2,"minecraft:furnace":2,"minecraft:iron_ore":3,"epicpaladins:deepslate_cryorium_ore":1,"minecraft:moss_carpet":1,"minecraft:grass":21,"minecraft:oak_log":6,"minecraft:coal_ore":8,"minecraft:dirt":1,"minecraft:stone":10,"minecraft:chipped_anvil":1,"minecraft:piston":1},"minecraft:dropped":{"minecraft:spruce_sign":1,"minecraft:bread":1,"minecraft:moss_carpet":2,"minecraft:blackstone":1,"minecraft:piston":1,"minecraft:wheat_seeds":7,"minecraft:raw_copper":16,"minecraft:cobbled_deepslate":3,"minecraft:golden_pickaxe":1,"minecraft:rotten_flesh":33,"minecraft:glow_berries":4,"minecraft:rail":6,"minecraft:chainmail_helmet":1,"minecraft:red_mushroom":4,"supplementaries:ash":14,"minecraft:dirt":3,"minecraft:potato":1,"minecraft:melon_seeds":2,"minecraft:cherry_planks":5,"gravestone:obituary":1,"minecraft:slime_ball":7,"minecraft:diamond_boots":1,"minecraft:wooden_pickaxe":1,"minecraft:iron_pickaxe":3,"minecraft:chipped_anvil":2},"minecraft:crafted":{"minecraft:cherry_planks":16,"minecraft:wooden_sword":1,"minecraft:oak_planks":4,"minecraft:crafting_table":2,"minecraft:wooden_pickaxe":1,"minecraft:iron_helmet":1,"minecraft:iron_sword":1,"minecraft:iron_boots":1,"minecraft:diamond_pickaxe":1,"minecraft:iron_hoe":1,"minecraft:stick":2,"minecraft:torch":4},"minecraft:picked_up":{"minecraft:crafting_table":4,"minecraft:music_disc_stal":1,"minecraft:potato":1,"spelunkers_charm:deepslate_rock":1,"minecraft:oak_log":6,"minecraft:dirt":3,"minecraft:moss_carpet":2,"minecraft:raw_copper":16,"epicpaladins:bloodstone_gem":3,"minecraft:bone":9,"minecraft:chipped_anvil":2,"minecraft:blackstone":1,"epicpaladins:arclight_pickaxe":1,"minecraft:bow":1,"minecraft:wheat_seeds":7,"minecraft:gold_nugget":11,"minecraft:cobbled_deepslate":3,"minecraft:iron_ingot":5,"minecraft:iron_pickaxe":3,"minecraft:piston":1,"minecraft:furnace":2,"minecraft:stick":11,"minecraft:raw_iron":22,"minecraft:torch":7,"minecraft:cherry_log":4,"epicpaladins:cryorium_gem":1,"minecraft:rotten_flesh":45,"minecraft:arrow":3,"minecraft:diamond_chestplate":1,"minecraft:diamond":8,"minecraft:hay_block":1,"minecraft:diamond_boots":1,"supplementaries:antique_ink":3,"quark:hollow_birch_log":2,"minecraft:spruce_sign":1,"minecraft:emerald":1,"minecraft:bread":33,"minecraft:chainmail_helmet":1,"supplementaries:ash":16,"minecraft:glow_berries":1,"minecraft:coal":8,"minecraft:rail":6,"minecraft:cobblestone":13},"minecraft:killed_by":{"minecraft:warden":2,"minecraft:player":1},"minecraft:custom":{"minecraft:interact_with_furnace":1,"minecraft:mob_kills":9,"minecraft:interact_with_crafting_table":17,"minecraft:open_barrel":21,"minecraft:leave_game":1,"minecraft:time_since_death":1432,"minecraft:climb_one_cm":3384,"minecraft:time_since_rest":1464,"minecraft:sprint_one_cm":168353,"minecraft:damage_taken":2750,"minecraft:walk_one_cm":173311,"minecraft:drop":36,"minecraft:damage_dealt":1790,"minecraft:fly_one_cm":63386,"minecraft:open_chest":4,"minecraft:crouch_one_cm":19206,"minecraft:play_time":62023,"minecraft:deaths":4,"minecraft:sneak_time":5889,"minecraft:walk_under_water_one_cm":632,"minecraft:jump":695,"minecraft:walk_on_water_one_cm":1870,"minecraft:total_world_time":62023,"minecraft:fall_one_cm":29163,"minecraft:inspect_dispenser":1},"minecraft:used":{"minecraft:baked_potato":3,"quark:hollow_birch_log":2,"minecraft:wooden_pickaxe":13,"minecraft:iron_sword":39,"minecraft:rotten_flesh":3,"minecraft:torch":14,"minecraft:glow_berries":2,"minecraft:crafting_table":5,"minecraft:oak_log":3,"minecraft:iron_hoe":217,"epicpaladins:arclight_pickaxe":36,"minecraft:diamond_pickaxe":1,"minecraft:bread":16,"minecraft:iron_pickaxe":139,"minecraft:wooden_sword":59},"minecraft:broken":{"minecraft:wooden_sword":1}},"DataVersion":3465}