{"stats":{"minecraft:killed":{"minecraft:sheep":1,"minecraft:skeleton":1,"minecraft:zombie":6},"minecraft:mined":{"minecraft:blackstone":1,"minecraft:deepslate_diamond_ore":4,"minecraft:cherry_log":4,"minecraft:sculk_vein":37,"minecraft:dandelion":2,"minecraft:crafting_table":4,"minecraft:torch":1,"gravestone:gravestone":4,"minecraft:emerald_ore":1,"minecraft:sculk_sensor":6,"minecraft:tall_grass":14,"minecraft:sculk":453,"minecraft:wall_torch":1,"quark:hollow_birch_log":2,"supplementaries:urn":9,"minecraft:sculk_catalyst":2,"minecraft:furnace":2,"minecraft:iron_ore":3,"epicpaladins:deepslate_cryorium_ore":1,"minecraft:moss_carpet":1,"minecraft:grass":26,"minecraft:sculk_shrieker":1,"minecraft:oak_log":6,"minecraft:coal_ore":8,"minecraft:dirt":1,"minecraft:stone":10,"minecraft:chipped_anvil":1,"minecraft:piston":1},"minecraft:dropped":{"minecraft:spruce_sign":1,"minecraft:bread":1,"minecraft:moss_carpet":2,"minecraft:piston":1,"minecraft:blackstone":1,"minecraft:wheat_seeds":7,"minecraft:cobbled_deepslate":3,"minecraft:raw_copper":16,"minecraft:golden_pickaxe":1,"minecraft:cobblestone":13,"minecraft:glow_berries":4,"minecraft:rotten_flesh":42,"minecraft:rail":10,"minecraft:chainmail_helmet":1,"minecraft:red_mushroom":4,"minecraft:dirt":3,"supplementaries:ash":14,"minecraft:potato":1,"minecraft:melon_seeds":2,"minecraft:cherry_planks":5,"gravestone:obituary":4,"minecraft:slime_ball":7,"minecraft:diamond_boots":1,"minecraft:wooden_pickaxe":1,"minecraft:iron_pickaxe":3,"minecraft:chipped_anvil":2},"minecraft:crafted":{"minecraft:cherry_planks":16,"minecraft:wooden_sword":1,"minecraft:oak_planks":4,"minecraft:crafting_table":2,"minecraft:wooden_pickaxe":1,"minecraft:iron_helmet":1,"minecraft:iron_sword":1,"minecraft:iron_boots":1,"minecraft:diamond_pickaxe":1,"minecraft:iron_hoe":2,"minecraft:stick":2,"minecraft:torch":4},"minecraft:picked_up":{"minecraft:crafting_table":5,"minecraft:music_disc_stal":1,"minecraft:potato":1,"spelunkers_charm:deepslate_rock":1,"minecraft:oak_log":6,"gravestone:obituary":1,"minecraft:dirt":3,"minecraft:moss_carpet":2,"minecraft:raw_copper":16,"epicpaladins:bloodstone_gem":3,"minecraft:bone":9,"minecraft:chipped_anvil":2,"minecraft:blackstone":1,"epicpaladins:arclight_pickaxe":1,"minecraft:bow":1,"minecraft:wheat_seeds":7,"minecraft:gold_nugget":11,"minecraft:cobbled_deepslate":3,"minecraft:iron_ingot":5,"minecraft:iron_pickaxe":3,"minecraft:piston":1,"minecraft:furnace":2,"minecraft:stick":11,"minecraft:raw_iron":22,"minecraft:torch":7,"minecraft:cherry_log":4,"minecraft:rotten_flesh":45,"minecraft:arrow":3,"epicpaladins:cryorium_gem":1,"minecraft:diamond_chestplate":1,"minecraft:diamond":8,"minecraft:diamond_boots":1,"minecraft:hay_block":1,"supplementaries:antique_ink":3,"quark:hollow_birch_log":2,"minecraft:chainmail_helmet":1,"minecraft:spruce_sign":1,"minecraft:bread":33,"minecraft:emerald":1,"supplementaries:ash":16,"minecraft:glow_berries":1,"minecraft:mutton":1,"minecraft:white_wool":1,"minecraft:coal":8,"minecraft:rail":6,"minecraft:cobblestone":13},"minecraft:killed_by":{"minecraft:player":1,"minecraft:warden":2},"minecraft:custom":{"minecraft:interact_with_furnace":1,"minecraft:mob_kills":10,"minecraft:interact_with_crafting_table":18,"minecraft:open_barrel":21,"minecraft:leave_game":3,"minecraft:time_since_death":12772,"minecraft:climb_one_cm":4008,"minecraft:time_since_rest":12804,"minecraft:damage_taken":2770,"minecraft:sprint_one_cm":170885,"minecraft:walk_one_cm":185963,"minecraft:drop":42,"minecraft:damage_dealt":1869,"minecraft:fly_one_cm":63386,"minecraft:open_chest":4,"minecraft:play_time":73363,"minecraft:crouch_one_cm":42168,"minecraft:sneak_time":13052,"minecraft:deaths":4,"minecraft:walk_under_water_one_cm":632,"minecraft:jump":737,"minecraft:walk_on_water_one_cm":2566,"minecraft:total_world_time":73363,"minecraft:fall_one_cm":31299,"minecraft:inspect_dispenser":1},"minecraft:used":{"minecraft:baked_potato":3,"quark:hollow_birch_log":2,"minecraft:wooden_pickaxe":13,"minecraft:iron_sword":39,"minecraft:rotten_flesh":3,"minecraft:torch":14,"minecraft:glow_berries":2,"minecraft:crafting_table":6,"minecraft:oak_log":3,"minecraft:iron_hoe":444,"epicpaladins:arclight_pickaxe":49,"minecraft:diamond_pickaxe":1,"minecraft:bread":16,"minecraft:iron_pickaxe":139,"minecraft:wooden_sword":59},"minecraft:broken":{"minecraft:wooden_sword":1}},"DataVersion":3465}