{"stats":{"minecraft:broken":{"minecraft:iron_boots":1,"minecraft:wooden_sword":1,"minecraft:iron_helmet":1},"minecraft:custom":{"minecraft:mob_kills":29,"minecraft:interact_with_crafting_table":34,"minecraft:open_barrel":38,"minecraft:leave_game":19,"minecraft:time_since_death":65208,"minecraft:climb_one_cm":15339,"minecraft:sprint_one_cm":777913,"minecraft:walk_one_cm":516434,"minecraft:damage_blocked_by_shield":75,"minecraft:drop":126,"minecraft:play_time":248012,"minecraft:sneak_time":13337,"minecraft:deaths":8,"minecraft:walk_under_water_one_cm":2087,"minecraft:interact_with_brewingstand":1,"minecraft:boat_one_cm":9758,"minecraft:jump":3021,"minecraft:walk_on_water_one_cm":12950,"minecraft:total_world_time":248012,"minecraft:interact_with_furnace":21,"minecraft:sleep_in_bed":6,"minecraft:time_since_rest":40461,"minecraft:waystone_activated":2,"minecraft:damage_taken":6445,"minecraft:damage_dealt":5044,"minecraft:swim_one_cm":13715,"minecraft:fly_one_cm":307111,"minecraft:open_chest":90,"minecraft:crouch_one_cm":43463,"minecraft:fall_one_cm":82486,"minecraft:inspect_dispenser":1},"minecraft:picked_up":{"minecraft:crafting_table":5,"minecraft:wheat":4,"minecraft:chicken":1,"spelunkers_charm:deepslate_rock":1,"minecraft:stripped_cherry_log":1,"gravestone:obituary":2,"minecraft:shield":1,"minecraft:string":5,"minecraft:moss_carpet":2,"minecraft:raw_copper":16,"epicpaladins:bloodstone_gem":3,"minecraft:blackstone":1,"minecraft:diamond_leggings":1,"minecraft:gold_nugget":11,"minecraft:cobbled_deepslate":3,"minecraft:beef":4,"minecraft:oak_boat":1,"minecraft:rose_bush":1,"minecraft:player_head":1,"minecraft:iron_pickaxe":3,"supplementaries:rope":7,"minecraft:piston":1,"minecraft:furnace":2,"minecraft:stick":11,"minecraft:raw_iron":59,"minecraft:jukebox":1,"minecraft:torch":20,"quark:cherry_chest":1,"minecraft:cherry_log":4,"quark:ancient_tome":2,"minecraft:tnt":1,"minecraft:arrow":5,"minecraft:diamond_chestplate":1,"minecraft:rotten_flesh":56,"epicpaladins:cryorium_gem":6,"minecraft:diamond_boots":1,"supplementaries:antique_ink":6,"minecraft:hay_block":1,"supplementaries:ash":16,"minecraft:glow_berries":1,"minecraft:mutton":5,"minecraft:cobblestone":146,"minecraft:rail":6,"minecraft:white_wool":3,"minecraft:pink_petals":1,"minecraft:feather":2,"minecraft:water_bucket":1,"minecraft:andesite":56,"minecraft:leather":2,"minecraft:music_disc_stal":1,"minecraft:potato":2,"minecraft:oak_log":6,"minecraft:gunpowder":1,"epicpaladins:bloodstone_sword":1,"minecraft:dirt":133,"minecraft:lantern":1,"minecraft:bone":13,"minecraft:chipped_anvil":2,"epicpaladins:arclight_pickaxe":2,"minecraft:bow":1,"minecraft:wheat_seeds":33,"minecraft:raw_gold":5,"minecraft:iron_ingot":5,"minecraft:dandelion":1,"epicpaladins:arclight_sword":2,"minecraft:white_bed":2,"minecraft:spider_eye":2,"minecraft:diamond":8,"minecraft:iron_helmet":1,"quark:hollow_birch_log":2,"minecraft:emerald":1,"minecraft:spruce_sign":1,"minecraft:bread":34,"minecraft:chainmail_helmet":1,"minecraft:coal":18},"minecraft:crafted":{"epicpaladins:arclight_sword":1,"minecraft:cherry_planks":16,"minecraft:wooden_sword":1,"minecraft:oak_planks":12,"quark:cherry_chest":1,"minecraft:iron_boots":1,"minecraft:iron_hoe":2,"minecraft:wheat":9,"sophisticatedbackpacks:backpack":1,"minecraft:crafting_table":2,"minecraft:wooden_pickaxe":1,"minecraft:iron_helmet":1,"minecraft:iron_sword":1,"minecraft:bread":3,"minecraft:diamond_pickaxe":1,"minecraft:stick":2,"minecraft:iron_ingot":62,"minecraft:gold_ingot":27,"minecraft:white_bed":1,"minecraft:torch":4},"minecraft:killed_by":{"minecraft:player":3,"takesapillage:skirmisher":1,"minecraft:warden":2},"minecraft:mined":{"minecraft:white_bed":1,"minecraft:pink_bed":1,"minecraft:deepslate_diamond_ore":4,"minecraft:sculk_vein":37,"minecraft:cherry_log":4,"minecraft:stripped_cherry_log":1,"gravestone:gravestone":7,"minecraft:grass_block":7,"quark:hollow_birch_log":2,"minecraft:sculk_catalyst":2,"minecraft:furnace":2,"minecraft:iron_ore":40,"minecraft:andesite":57,"minecraft:moss_carpet":1,"minecraft:sculk_shrieker":1,"minecraft:stone":142,"minecraft:player_head":1,"minecraft:blackstone":1,"minecraft:dandelion":3,"minecraft:crafting_table":4,"minecraft:torch":2,"minecraft:emerald_ore":1,"ecologics:walnut_leaves":1,"minecraft:rose_bush":1,"minecraft:sculk_sensor":6,"minecraft:tall_grass":50,"minecraft:cobblestone":1,"minecraft:sculk":453,"minecraft:wall_torch":9,"minecraft:pink_petals":3,"supplementaries:urn":9,"epicpaladins:deepslate_cryorium_ore":1,"minecraft:jukebox":1,"minecraft:grass":109,"minecraft:oak_log":6,"minecraft:coal_ore":18,"minecraft:dirt":42,"minecraft:chipped_anvil":1,"minecraft:gold_ore":5,"minecraft:piston":1},"minecraft:dropped":{"minecraft:spruce_sign":1,"minecraft:bread":2,"minecraft:piston":1,"minecraft:wheat_seeds":10,"minecraft:golden_pickaxe":1,"minecraft:cobblestone":13,"minecraft:glow_berries":4,"minecraft:rail":10,"minecraft:chainmail_helmet":1,"minecraft:red_mushroom":4,"minecraft:dirt":74,"minecraft:mutton":1,"minecraft:cherry_planks":5,"gravestone:obituary":4,"minecraft:iron_pickaxe":3,"minecraft:chipped_anvil":2,"epicpaladins:arclight_sword":2,"minecraft:moss_carpet":2,"minecraft:blackstone":1,"quark:cherry_chest":1,"minecraft:cobbled_deepslate":3,"minecraft:raw_copper":16,"minecraft:rotten_flesh":44,"supplementaries:ash":16,"minecraft:potato":1,"minecraft:melon_seeds":2,"epicpaladins:arclight_pickaxe":1,"minecraft:diamond_boots":1,"minecraft:slime_ball":7,"minecraft:wooden_pickaxe":1,"epicpaladins:bloodstone_sword":1},"minecraft:used":{"minecraft:shield":1,"minecraft:iron_sword":49,"minecraft:rotten_flesh":3,"minecraft:torch":31,"minecraft:dirt":5,"epicpaladins:arclight_sword":126,"minecraft:iron_hoe":444,"minecraft:furnace":2,"minecraft:water_bucket":3,"minecraft:iron_ore":35,"minecraft:glass_bottle":1,"minecraft:baked_potato":3,"quark:hollow_birch_log":2,"minecraft:wooden_pickaxe":13,"minecraft:gold_ore":5,"minecraft:glow_berries":2,"minecraft:crafting_table":6,"minecraft:white_bed":3,"minecraft:oak_log":3,"epicpaladins:arclight_pickaxe":306,"minecraft:diamond_pickaxe":1,"minecraft:bread":53,"minecraft:iron_pickaxe":139,"minecraft:wooden_sword":59,"minecraft:cobblestone":5,"minecraft:potion":2,"minecraft:bucket":3,"minecraft:stripped_cherry_log":1},"minecraft:killed":{"minecraft:spider":4,"minecraft:skeleton":5,"minecraft:chicken":1,"minecraft:sheep":3,"minecraft:zombie":13}},"DataVersion":3465}