{"stats":{"minecraft:killed":{"minecraft:sheep":3,"minecraft:skeleton":1,"minecraft:zombie":6},"minecraft:mined":{"minecraft:white_bed":1,"minecraft:blackstone":1,"minecraft:deepslate_diamond_ore":4,"minecraft:cherry_log":4,"minecraft:sculk_vein":37,"minecraft:dandelion":2,"gravestone:gravestone":4,"minecraft:crafting_table":4,"minecraft:torch":1,"minecraft:emerald_ore":1,"minecraft:sculk_sensor":6,"minecraft:tall_grass":17,"minecraft:sculk":453,"minecraft:wall_torch":4,"quark:hollow_birch_log":2,"supplementaries:urn":9,"minecraft:sculk_catalyst":2,"minecraft:furnace":2,"minecraft:iron_ore":38,"epicpaladins:deepslate_cryorium_ore":1,"minecraft:moss_carpet":1,"minecraft:grass":28,"minecraft:sculk_shrieker":1,"minecraft:coal_ore":8,"minecraft:oak_log":6,"minecraft:dirt":1,"minecraft:stone":10,"minecraft:chipped_anvil":1,"minecraft:piston":1},"minecraft:dropped":{"minecraft:spruce_sign":1,"minecraft:bread":1,"minecraft:moss_carpet":2,"minecraft:blackstone":1,"minecraft:piston":1,"minecraft:wheat_seeds":7,"minecraft:cobbled_deepslate":3,"minecraft:raw_copper":16,"minecraft:golden_pickaxe":1,"minecraft:glow_berries":4,"minecraft:cobblestone":13,"minecraft:rotten_flesh":42,"minecraft:rail":10,"minecraft:chainmail_helmet":1,"minecraft:red_mushroom":4,"minecraft:dirt":3,"supplementaries:ash":16,"minecraft:potato":1,"minecraft:mutton":1,"minecraft:melon_seeds":2,"minecraft:cherry_planks":5,"gravestone:obituary":4,"minecraft:slime_ball":7,"minecraft:diamond_boots":1,"minecraft:wooden_pickaxe":1,"minecraft:iron_pickaxe":3,"minecraft:chipped_anvil":2},"minecraft:crafted":{"minecraft:cherry_planks":16,"minecraft:wooden_sword":1,"minecraft:oak_planks":12,"minecraft:crafting_table":2,"minecraft:wooden_pickaxe":1,"minecraft:iron_helmet":1,"minecraft:iron_sword":1,"minecraft:iron_boots":1,"minecraft:diamond_pickaxe":1,"minecraft:iron_hoe":2,"minecraft:stick":2,"minecraft:iron_ingot":27,"minecraft:gold_ingot":22,"minecraft:white_bed":1,"minecraft:torch":4},"minecraft:picked_up":{"minecraft:crafting_table":5,"minecraft:music_disc_stal":1,"minecraft:potato":1,"spelunkers_charm:deepslate_rock":1,"minecraft:oak_log":6,"gravestone:obituary":1,"minecraft:dirt":3,"minecraft:moss_carpet":2,"minecraft:raw_copper":16,"epicpaladins:bloodstone_gem":3,"minecraft:bone":9,"minecraft:chipped_anvil":2,"minecraft:blackstone":1,"epicpaladins:arclight_pickaxe":1,"minecraft:bow":1,"minecraft:wheat_seeds":9,"minecraft:gold_nugget":11,"minecraft:cobbled_deepslate":3,"minecraft:iron_ingot":5,"minecraft:iron_pickaxe":3,"minecraft:piston":1,"minecraft:furnace":2,"minecraft:stick":11,"minecraft:raw_iron":57,"minecraft:torch":10,"minecraft:cherry_log":4,"minecraft:white_bed":1,"minecraft:rotten_flesh":45,"minecraft:arrow":3,"epicpaladins:cryorium_gem":1,"minecraft:diamond_chestplate":1,"minecraft:diamond":8,"minecraft:diamond_boots":1,"minecraft:hay_block":1,"supplementaries:antique_ink":3,"quark:hollow_birch_log":2,"minecraft:chainmail_helmet":1,"minecraft:spruce_sign":1,"minecraft:bread":33,"minecraft:emerald":1,"supplementaries:ash":16,"minecraft:glow_berries":1,"minecraft:mutton":5,"minecraft:coal":8,"minecraft:white_wool":3,"minecraft:rail":6,"minecraft:cobblestone":13},"minecraft:killed_by":{"minecraft:player":1,"minecraft:warden":2},"minecraft:custom":{"minecraft:interact_with_furnace":12,"minecraft:mob_kills":12,"minecraft:interact_with_crafting_table":21,"minecraft:open_barrel":21,"minecraft:leave_game":5,"minecraft:time_since_death":26249,"minecraft:climb_one_cm":4008,"minecraft:time_since_rest":26281,"minecraft:damage_taken":2773,"minecraft:sprint_one_cm":191945,"minecraft:walk_one_cm":216163,"minecraft:drop":44,"minecraft:damage_dealt":1989,"minecraft:fly_one_cm":67371,"minecraft:play_time":86840,"minecraft:crouch_one_cm":42168,"minecraft:open_chest":24,"minecraft:sneak_time":13052,"minecraft:deaths":4,"minecraft:walk_under_water_one_cm":632,"minecraft:jump":782,"minecraft:walk_on_water_one_cm":2566,"minecraft:total_world_time":86840,"minecraft:inspect_dispenser":1,"minecraft:fall_one_cm":32193},"minecraft:used":{"minecraft:iron_ore":35,"minecraft:baked_potato":3,"quark:hollow_birch_log":2,"minecraft:wooden_pickaxe":13,"minecraft:iron_sword":49,"minecraft:rotten_flesh":3,"minecraft:torch":17,"minecraft:glow_berries":2,"minecraft:crafting_table":6,"minecraft:white_bed":2,"minecraft:iron_hoe":444,"minecraft:oak_log":3,"epicpaladins:arclight_pickaxe":86,"minecraft:diamond_pickaxe":1,"minecraft:bread":16,"minecraft:iron_pickaxe":139,"minecraft:wooden_sword":59,"minecraft:furnace":2},"minecraft:broken":{"minecraft:wooden_sword":1}},"DataVersion":3465}