{"stats":{"minecraft:mined":{"minecraft:cherry_log":4},"minecraft:picked_up":{"minecraft:cherry_log":4,"minecraft:rotten_flesh":1},"minecraft:custom":{"minecraft:jump":21,"minecraft:time_since_rest":2349,"minecraft:damage_dealt":167,"minecraft:sprint_one_cm":2246,"minecraft:play_time":2349,"minecraft:damage_taken":228,"minecraft:time_since_death":2349,"minecraft:walk_one_cm":8512,"minecraft:total_world_time":2349,"minecraft:mob_kills":1,"minecraft:fall_one_cm":1172,"minecraft:fly_one_cm":654}},"DataVersion":3465}